,Unnamed: 0,Company,Experience,JobTitle,salary_avg,Salary,Summary,monthly,,salary_max,salary_min,City,State,Lightning,LWC,Triggers,Test_Classes,JavaScript,Testing,Client,Configuration,Business,lightning,apex,development,Business_Interaction,Functional,Lead_team
0,0,Spadeworx software Services,5,Salesforce Developer,1147200,"₹50,000 - ₹90,000 a month","Basic knowledge of salesforce development (Apex, Triggers, Lightning) is a must. As a Salesforce Admin, you will be part of a team responsible for supporting…",1,,1544400,750000,Pune, Maharashtra,0,0,0,0,0,0,0,0,0,0,0,1,0,0,0
1,1,221 B Baker ST,5,Salesforce Administrator,630000,"₹30,000 - ₹60,000 a month","Develop customized solutions within the Salesforce platform to support critical business functions and meet project objectives, client requirements, and company…",1,,900000,360000,Kolkata, West Bengal,0,1,0,0,1,0,0,0,1,0,0,0,1,1,0
2,2,Appletech,5,Salesforce Administrator,600000,"₹25,000 - ₹60,000 a month","3+ years of Salesforce application experience. Experience in Sales Cloud Lightning - Enterprise Edition a big plus. Salary: ₹25,000.00 - ₹60,000.00 per month.",1,,900000,300000,Ahmedabad, Gujarat,0,0,0,0,0,0,0,0,0,0,0,0,0,0,0
4,4,GeniusU Web Services pvt ltd,5,Salesforce Developer,1287000,"₹75,000 a month","Work alongside the Salesforce administrator to ensure database cleanliness, object syncing, bidirectional sync with CRM using Marketing Cloud Connect, and…",1,,1287000,1287000,Mumbai, Maharashtra,0,0,0,0,0,0,0,0,0,0,0,0,0,0,0
5,5,Cloudy Wave Technology Pvt Ltd,5,Salesforce Developer,537500,"₹2,00,000 - ₹7,00,000 a year",We are looking for strong Salesforce experienced administrator/developer with excellent skills Qualifications: . Integration skills using REST & SOAP APIs.,0,,875000,200000,Pune, Maharashtra,0,0,0,0,0,0,0,0,0,0,0,0,0,0,0
6,6,C2N IT Services Pvt Ltd,5,Salesforce Developer,750000,"₹6,00,000 a year","Experience utilizing development frameworks and libraries, such as the Lightning Component Framework, Salesforce Lightning Design System, and jquery.",0,,750000,750000,Hyderabad, Telangana,0,0,0,0,0,0,0,0,0,0,0,1,0,0,0
8,8,Keras Global,8,Salesforce Developer,1587300,"₹90,000 - ₹95,000 a month","Location : Remote working or also in nearshore location . Start : immediately /2-4 weeks. Minimum 4+ *Salesforce Development experience , with Salesforce…",1,,1630200,1544400,Hyderabad, Telangana,0,0,0,0,0,0,0,0,0,0,0,1,0,0,0
9,9,Webkul Software,2,Salesforce Business Analyst,320000,"₹3,20,000 a year",Usually maps requirement of business to salesforce features of the product. We are looking for an ideal candidate with exceptional interfacing skills with…,0,,320000,320000,Noida, Uttar Pradesh,0,0,0,0,1,0,0,0,1,0,0,0,1,0,0
10,10,GeniusU Web Services pvt ltd,5,Salesforce Business Analyst,585000,"₹35,000 - ₹50,000 a month","Work alongside the Salesforce administrator to ensure database cleanliness, object syncing, bidirectional sync with CRM using Marketing Cloud Connect, and…",1,,750000,420000,Mumbai, Mumbai,0,0,0,0,0,0,0,0,0,0,0,0,0,0,0
11,11,Workafella,5,Salesforce Administrator,575000,"₹4,00,000 - ₹6,00,000 a year",Serve as primary system administrator for the Salesforce environment. Handle all basic administrative functions including creation and implementation of reports…,0,,750000,400000,Chennai, Chennai,0,1,0,0,0,0,0,0,0,0,0,0,0,1,0
12,12,ANI Calls India Private Limited,8,Salesforce Developer,1644500,"₹9,00,000 - ₹14,00,000 a year",Ten years of overall IT experience. 2 to 3 years' Experience as a Salesforce Technical Lead or Senior Developer in a fast-paced environment.,0,,2002000,1287000,Mumbai, Maharashtra,0,0,1,0,0,0,0,0,0,0,0,0,0,0,1
13,13,ICS Consultancy Services,8,Salesforce Developer,2502500,"₹10,00,000 - ₹25,00,000 a year","Must have Skills : Salesforce Good to Have Skills : No Technology Specialty Job Requirements : 1 Reponsibilities: a Experienced in development of salesforce,…",0,,3575000,1430000,Mumbai, Maharashtra,0,0,0,0,1,0,0,0,0,0,0,1,1,0,0
14,14,ICS Consultancy Services,8,Salesforce Developer,2502500,"₹10,00,000 - ₹25,00,000 a year","Must have Skills : Salesforce Good to Have Skills : No Technology Specialty Job Requirements : 1 Reponsibilities: a Experienced in development of salesforce,…",0,,3575000,1430000,Mumbai, Maharashtra,0,0,0,0,1,0,0,0,0,0,0,1,1,0,0
15,15,Search Bridge Consulting,8,Salesforce Developer,1573000,"₹10,00,000 - ₹12,00,000 a year",Certified Pardot & Salesforce Developer and administrator. Design and develop new landing pages in Pardot and integrate prospect generation with Salesforce and…,0,,1716000,1430000,Delhi, Delhi,0,0,0,0,0,0,0,0,0,0,0,0,0,0,0
16,16,ICS Consultancy Services,8,Salesforce Administrator,2502500,"₹10,00,000 - ₹25,00,000 a year","Must have Skills : Salesforce Good to Have Skills : No Technology Specialty Job Requirements : 1 Reponsibilities: a Experienced in development of salesforce,…",0,,3575000,1430000,Mumbai, Maharashtra,0,0,0,0,1,0,0,0,0,0,0,1,1,0,0
17,17,Titan Consultancy,10,Salesforce Technical Architect,3432000,"₹18,00,000 - ₹30,00,000 a year","This Client is experiencing tremendous growth and is looking to add a sharp Salesforce Architect to the team. In this role, you will make an immediate impact by…",0,,4290000,2574000,Bengaluru, Karnataka,0,0,0,0,0,0,0,0,0,0,0,0,0,0,0
18,18,ICS Consultancy Services,8,Salesforce Developer,2502500,"₹10,00,000 - ₹25,00,000 a year","Must have Skills : Salesforce Good to Have Skills : No Technology Specialty Job Requirements : 1 Reponsibilities: a Experienced in development of salesforce,…",0,,3575000,1430000,Mumbai, Maharashtra,0,0,0,0,1,0,0,0,0,0,0,1,1,0,0
20,20,ANI Calls India Private Limited,8,Salesforce Developer,1644500,"₹9,00,000 - ₹14,00,000 a year",Ten years of overall IT experience. 2 to 3 years' Experience as a Salesforce Technical Lead or Senior Developer in a fast-paced environment.,0,,2002000,1287000,Noida, Uttar Pradesh,0,0,1,0,0,0,0,0,0,0,0,0,0,0,1
21,21,Talentbasket,5,Salesforce Developer,1358500,"₹9,00,000 - ₹10,00,000 a year",Great opportunity to work for a leading global consumer tax services provider and Fortune 1000 company in Trivandrum. Agile working experience will be a plus.,0,,1430000,1287000,Remote, Kerala,0,0,1,0,0,0,0,0,0,0,0,0,0,0,1
22,22,GeniusU Web Services pvt ltd,5,Salesforce Administrator,585000,"₹35,000 - ₹50,000 a month","Work alongside the Salesforce administrator to ensure database cleanliness, object syncing, bidirectional sync with CRM using Marketing Cloud Connect, and…",1,,750000,420000,Mumbai, Maharashtra,0,0,0,0,0,0,0,0,0,0,0,0,0,0,0
23,23,ICS Consultancy Services,10,Salesforce Technical Architect,2502500,"₹10,00,000 - ₹25,00,000 a year","Roles and responsibilities for Opportunity in Salesforce Technical Architecture. : Role : Application Lead Role Description : Lead the effort to design, build…",0,,3575000,1430000,Hyderabad, Telangana,0,0,1,0,0,0,0,0,0,0,0,0,0,0,1
24,24,ICS Consultancy Services,10,Salesforce Technical Architect,2502500,"₹10,00,000 - ₹25,00,000 a year","Roles and responsibilities for Immediate jobs in Salesforce Technical Architecture. : Role : Application Lead Role Description : Lead the effort to design,…",0,,3575000,1430000,Hyderabad, Telangana,0,0,1,0,0,0,0,0,0,0,0,0,0,0,1
25,25,ANI Calls India Private Limited,8,Salesforce Developer,1644500,"₹9,00,000 - ₹14,00,000 a year",Ten years of overall IT experience. 2 to 3 years' Experience as a Salesforce Technical Lead or Senior Developer in a fast-paced environment.,0,,2002000,1287000,Hyderabad, Telangana,0,0,1,0,0,0,0,0,0,0,0,0,0,0,1
26,26,Talent Zone Consultants,5,Salesforce Developer,865000,"₹3,00,000 - ₹10,00,000 a year",Work Experience: 3 - 6 years of Salesforce.com experience with minimum 2 year experience as. Designation: Salesforce Platform Developer / Salesforce Platform…,0,,1430000,300000,Bengaluru, Karnataka,0,0,0,0,0,0,0,0,0,0,0,0,0,0,0
27,27,ANI Calls India Private Limited,8,Salesforce Developer,1644500,"₹9,00,000 - ₹14,00,000 a year",Ten years of overall IT experience. 2 to 3 years' Experience as a Salesforce Technical Lead or Senior Developer in a fast-paced environment.,0,,2002000,1287000,Chennai, Tamil Nadu,0,0,1,0,0,0,0,0,0,0,0,0,0,0,1
28,28,ANI Calls India Private Limited,8,Salesforce Developer,1644500,"₹9,00,000 - ₹14,00,000 a year",Ten years of overall IT experience. 2 to 3 years' Experience as a Salesforce Technical Lead or Senior Developer in a fast-paced environment.,0,,2002000,1287000,Bengaluru, Karnataka,0,0,1,0,0,0,0,0,0,0,0,0,0,0,1
29,29,Angel & Genie,5,Salesforce Developer,1430000,"₹10,00,000 a year",O 3 plus salesforce certifications including Administrator and Platform developer. Our client is specializes in Healthcare Informatics and enablement.,0,,1430000,1430000,Bengaluru, Karnataka,0,0,0,0,0,0,0,0,0,0,0,0,0,0,0
30,30,ICS Consultancy Services,10,Salesforce Technical Architect,2502500,"₹10,00,000 - ₹25,00,000 a year","Roles and responsibilities for Maximo Jobs in Mumbai. : Role : Application Lead Role Description : Lead the effort to design, build and configure applications,…",0,,3575000,1430000,Hyderabad, Telangana,0,0,1,0,0,0,1,1,0,0,0,0,0,0,1
31,31,C P Careers Private Limited,10,Salesforce Technical/Proect Manager,3217500,"₹20,00,000 - ₹25,00,000 a year","Required 10-15 years of Functional & Non-Functional Testing experience. Required - SFDC certifications (Administrator, App Builder, Sales Cloud, Service Cloud,…",0,,3575000,2860000,Chennai, Tamil Nadu,0,1,0,0,0,1,0,0,0,0,0,0,0,1,0
32,32,Search advisers Services (GUJ) Private Limited,8,Salesforce Developer,2288000,"₹10,00,000 - ₹22,00,000 a year",Work Timings: 5:30Pm to 2:30Am IST. Work with architects and other developers to translate business requirements into solution designs.,0,,3146000,1430000,Bengaluru, Karnataka,0,0,0,0,1,0,0,0,1,0,0,0,1,0,0
34,34,ICS Consultancy Services,8,Salesforce Developer,2502500,"₹10,00,000 - ₹25,00,000 a year","Roles and responsibilities for Workday Core HCM Openings in Hyderabad. : Role : Application Developer Role Description : Design, build and configure…",0,,3575000,1430000,Hyderabad, Telangana,0,0,0,0,0,0,1,1,0,0,0,0,0,0,0
35,35,ICS Consultancy Services,8,Salesforce Developer,2502500,"₹10,00,000 - ₹25,00,000 a year","Roles and responsibilities for Urgent Requirement Java Enterprise Edition. : Role : Application Developer Role Description : Design, build and configure…",0,,3575000,1430000,Delhi,India,0,0,0,0,1,0,1,1,0,0,0,0,1,0,0
36,36,ICS Consultancy Services,8,Salesforce Developer,2502500,"₹10,00,000 - ₹25,00,000 a year","Roles and responsibilities for Java Enterprise Edition Jobs in Hyderabad. : Role : Application Developer Role Description : Design, build and configure…",0,,3575000,1430000,Hyderabad, Telangana,0,0,0,0,0,0,1,1,0,0,0,0,0,0,0
39,39,Promotup HR Solutions,8,Salesforce Technical/Proect Manager,1930500,"?12,00,000 - ?15,00,000 a year","Salesforce, meeting sales targets in his/her territory, and delivering month-on-month growth. Toppr is looking for a General Manager - Sales.",0,,2145000,1716000,Bengaluru, Karnataka,0,0,0,0,0,0,0,0,0,0,0,0,0,0,0
40,40,Infotribo Technologies Pvt Ltd,5,Salesforce Developer,1211931.4,"?6,11,095 - ?11,60,835 a year","Interact directly with our customers and the Summit Technologies team, including consultants, project managers, business analysts, architects and sales reps to…",0,,1659994.05,763868.75,Bengaluru, Karnataka,0,0,0,0,0,0,0,0,1,0,0,0,0,0,0
41,41,Webner Solutions Pvt. Ltd.,8,Salesforce Technical/Proect Manager,1401000,"?8,00,000 - ?14,00,000 a year","We are looking for a Technical Project Manager who will oversee multiple projects and guide the development teams working on Web apps in PHP, C# .",0,,2002000,800000,Gurgaon, Punjab,0,0,0,0,0,0,0,0,0,0,0,1,0,0,0
42,42,4M global solution pvt ltd ( CARBAZAAR APP),2,Salesforce Administrator,400000,"?4,00,000 a year",We are looking for a Territory Manager to help us increase our sales revenues and maintain customer relationships within an assigned geographical area.,0,,400000,400000,Mumbai, Maharashtra,0,0,0,0,0,0,0,0,0,0,0,0,0,0,0
43,43,ANI Calls India Private Limited,10,Salesforce Technical/Proect Manager,2288000,"?12,00,000 - ?20,00,000 a year","8+ years of combined IT experience with increasing levels of responsibility. 4+ years of architecture experience across various Salesforce clouds (Sales,…",0,,2860000,1716000,Bengaluru, Karnataka,0,0,0,0,0,0,0,0,0,0,0,0,0,0,0
44,44,221 B Baker ST,5,Salesforce Developer,926400,"?40,000 - ?80,000 a month","\* Interact directly with clients, managers, and end-users as necessary to analyze project objectives and capability requirements, including specifications for…",1,,1372800,480000,Kolkata, West Bengal,0,0,0,0,1,0,0,0,0,0,0,0,1,0,0
45,45,Pacific Global Solutions Limited,5,Salesforce Business Analyst,750000,"?45,000 - ?55,000 a month","Proactively develop methods to optimize, scale, and improve business processes across Sales. Works closely with sales management to inspect sales process…",1,,825000,675000,Ahmedabad, Gujarat,0,0,0,0,0,0,0,0,1,0,0,0,0,0,0
46,46,Brabers Consultancy,10,Salesforce Technical/Proect Manager,3432000,"?2,00,000 a month",Able to manager a team in a highly complex organisation. Brabers Consultancy is supporting one of their major international consultancy partners with the…,1,,3432000,3432000,Bengaluru, Karnataka,0,0,0,0,0,0,0,0,0,0,0,0,0,0,0
49,49,kevell Corp,2,Salesforce Developer,450972,"?33,823 - ?41,339 a month",Meeting with project managers to determine CRM needs. Developing customized solutions within the Salesforce platform. Creating timelines and development goals.,1,,496068,405876,Chennai, Tamil Nadu,0,0,0,0,0,0,0,0,0,0,0,1,0,0,0
50,50,3AK CHEMIE pvt ltd,8,Salesforce Technical/Proect Manager,318000,"?25,000 - ?28,000 a month",We are looking for a Junior Account Manager at our factory location Kallakal Village.(12 kms from medchal) . If you enjoy coming up with effective solutions and…,1,,336000,300000,Hyderabad, Telangana,0,0,0,0,0,0,0,0,0,0,0,0,0,0,0
51,51,Crescendo WorldWide,5,Salesforce Business Analyst,600000,"?4,00,000 - ?8,00,000 a year","Experience: Proven working experience as a business development manager, sales executive or a relevant role. Supporting 20,000+ companies globally for Expanding…",0,,800000,400000,Pune, Maharashtra,0,0,0,0,0,0,0,0,1,0,0,1,0,0,0
52,52,Kcloud Technologies,8,Salesforce Technical/Proect Manager,1716000,"?10,00,000 - ?14,00,000 a year","Qualification : *B.tech, BCA,MCA,MBA,BBA. 8 years of IT experience and MUST HAVE 6 to 8 years of SFDC project management SM leadership experience.",0,,2002000,1430000,Noida, Uttar Pradesh,0,0,1,0,0,0,0,0,0,0,0,0,0,0,1
53,53,Caz Brain,8,Salesforce Technical/Proect Manager,1716000,"?12,00,000 a year","Proven working experience as a business development manager, sales executive or a relevant role. We are looking for an ambitious and energetic Business…",0,,1716000,1716000,Delhi, Delhi,0,0,0,0,0,0,0,0,1,0,0,1,0,0,0
54,54,HI-TECH INFORMATION & FAST SERVICES,5,Salesforce Business Analyst,870000,"?50,000 - ?66,000 a month",Currently we are having an urgent opening with one of our reputed clients in Pune is into MANUFACTURING INDUSTY . EXPREANCE : - 08 to 10 year .,1,,990000,750000,Pune, Pune,0,0,0,0,0,0,0,0,0,0,0,0,0,0,0
55,55,RIGHT DEAL REALTY LLP,5,Salesforce Business Analyst,975600,"?50,000 - ?70,000 a month","Proven working experience as a business development manager, sales. We are looking for an ambitious and energetic Business Development.",1,,1201200,750000,Mumbai, Navi Mumbai,0,0,0,0,0,0,0,0,1,0,0,1,0,0,0
56,56,Wise Monk,2,Salesforce Business Analyst,500000,"?5,00,000 a year","Negotiating on price, costs, delivery and specifications with buyers and managers to ensure the solution can be delivered within budget and margin expectations.",0,,500000,500000,Remote,Remote,0,0,0,0,0,0,0,0,0,0,0,0,0,0,0
57,57,VIS Networks Pvt Ltd,8,Salesforce Business Analyst,480000,"?40,000 a month","There has never been a better and more exciting time to join the VIS-Avaya brand. Avaya is a recognised global market leader in delivering innovative, next…",1,,480000,480000,Bengaluru, Karnataka,0,0,1,0,0,0,0,0,0,0,0,0,0,0,1
58,58,ICS Consultancy Services,10,Salesforce Technical/Proect Manager,2502500,"?10,00,000 - ?25,00,000 a year","Roles and responsibilities for Urgent Opening Salesforce. : Role : Application Lead Role Description : Lead the effort to design, build and configure…",0,,3575000,1430000,Delhi,India,0,0,1,0,0,0,1,1,0,0,0,0,0,0,1
59,59,Wise Monk,5,Salesforce Business Analyst,875000,"?7,00,000 a year","Ensuring smooth functioning of the account internally to help meet all deliverables including coordination with design teams, media teams, managers, and other…",0,,875000,875000,Remote,Remote,0,1,0,0,0,0,0,0,0,0,0,0,0,1,0
62,62,Options India,8,Salesforce Developer,2645500,"?12,00,000 - ?25,00,000 a year","Q3. How many years of experience do you have in hands-on salesforce development? Communicate with project managers, clients, and other developers to design…",0,,3575000,1716000,Bengaluru, Karnataka,0,0,0,0,0,0,0,0,0,0,0,1,0,0,0
64,64,Go Native LLP,5,Salesforce Business Analyst,630000,"?30,000 - ?60,000 a month","Proven working experience as a business development manager, sales executive or a relevant role. We are looking for an ambitious and energetic Business…",1,,900000,360000,Bengaluru, Karnataka,0,0,0,0,0,0,0,0,1,0,0,1,0,0,0
65,65,Grubbrr,5,Salesforce Developer,975667.5,"?7,80,534 a year",L Build functionalities in a sandbox with Visual Force or Apex before deploying to production. L Act as a Project or Product Manager during implementation and…,0,,975667.5,975667.5,Ahmedabad, Gujarat,0,1,0,0,0,1,0,0,0,0,0,0,0,1,0
66,66,10xGrowth.com,8,Salesforce Technical/Proect Manager,1644500,"?10,00,000 - ?13,00,000 a year","Currently we are hiring for a Multinational Geo Location mapping services Company with its offices in France, Singapore, UK for the position of an *""Lead…",0,,1859000,1430000,Mumbai, Maharashtra,0,0,1,0,0,0,0,0,0,0,0,0,0,0,1
68,68,Zone Funnel Technologies,2,Salesforce Business Analyst,360000,"?25,000 - ?35,000 a month","Work with the project managers and make sure the customers expectations are delivered. We are looking to add to our Account management team in Livermore, CA.",1,,420000,300000,Chennai, Tamil Nadu,0,0,0,0,0,0,0,0,0,0,0,0,0,0,0
69,69,C P Careers Private Limited,10,Salesforce Technical/Proect Manager,3575000,"?20,00,000 - ?30,00,000 a year",INR 20 LPA - 30 LPA. Mandatory: 12+ years of Overall IT work experience. Mandatory: Minimum 8-9 years implementing Salesforce Integration.,0,,4290000,2860000,Bengaluru, Karnataka,0,0,0,0,0,0,0,0,0,0,0,0,0,0,0
70,70,Brighture IT,7,Salesforce Technical Architect,965000,"?5,00,000 - ?10,00,000 a year",Provide Technical leadership to implement eCommerce applications on Salesforce Commerce Cloud (SFCC/ Demand ware). Able to lead the technical team and mentor.,0,,1430000,500000,Bengaluru, Karnataka,0,0,1,0,0,0,0,0,0,0,0,0,0,0,1
71,71,Starr365.com,2,Salesforce Business Analyst,360000,"?20,000 - ?40,000 a month",Starr365.com is a Australian Start Up. This is an exciting opportunity for an experienced SaaS Product Manager to grow the product and maximise its commercial…,1,,480000,240000,Delhi, Delhi,0,0,0,0,0,0,0,0,0,0,0,0,0,0,0
72,72,ELYSIAN CORPTECH,2,Salesforce Business Analyst,390000,"?30,000 - ?35,000 a month",Specialized licenses or certificates may be required for some area manager positions in highly technical industries. Expected Start Date: 1/2/2021.,1,,420000,360000,Remote, Bihar,0,0,0,0,0,0,0,0,0,0,0,0,0,0,0
73,73,C P Careers Private Limited,10,Salesforce Technical/Proect Manager,3217500,"?20,00,000 - ?25,00,000 a year","Required 10-15 years of Functional & Non-Functional Testing experience. Required - SFDC certifications (Administrator, App Builder, Sales Cloud, Service Cloud,…",0,,3575000,2860000,Chennai, Tamil Nadu,0,1,0,0,0,1,0,0,0,0,0,0,0,1,0
74,74,High Career,8,Salesforce Developer,2502500,"?10,00,000 - ?25,00,000 a year","Knowledge of JS build engines like gulp or webpack, release manager experience; Urgent hiring for the position of Salesforce Commerce Cloud Developer *.",0,,3575000,1430000,Bengaluru, Karnataka,0,0,0,0,0,0,0,0,0,0,0,0,0,0,0
75,75,ANI Calls India Private Limited,8,Salesforce Technical/Proect Manager,1401000,"?8,00,000 - ?14,00,000 a year","Experience with enterprise tools, such as Customer Relationship Management (Salesforce preferred), HCM, ERP, and other COTS solutions.",0,,2002000,800000,Hyderabad, Telangana,0,0,0,0,0,0,0,0,0,0,0,0,0,0,0
78,78,Hughes and Hughes chemical limited,2,Salesforce Business Analyst,390000,"?30,000 - ?35,000 a month",Proven working experience as a business development manager. Develop a growth strategy focused both on financial gain and customer satisfaction.,1,,420000,360000,Delhi, Delhi,0,0,0,0,0,0,0,0,1,0,0,1,0,0,0
79,79,KAG INDIA PVT. LTD.,2,Salesforce Business Analyst,420000,"?35,000 a month","Proven working experience as a business development manager, sales executive or a relevant role. We are leading Tiles Manufacturing and selling company, Head…",1,,420000,420000,Chennai, Tamil Nadu,0,0,1,0,0,0,0,0,1,0,0,1,0,0,1
80,80,Cambridge University Press,8,Salesforce Technical/Proect Manager,1043500,"?8,00,000 - ?9,00,000 a year",Territory Manager Sales – Academic & Higher Education (Bangalore). Cambridge University Press India Pvt. Ltd. Regular follow up on leads.,0,,1287000,800000,Bengaluru, Karnataka,0,0,1,0,0,0,0,0,0,0,0,0,0,0,1
81,81,SimbaQuartz,2,Salesforce Business Analyst,495000,"?20,000 - ?50,000 a month","Proven working experience as a business development manager, sales executive or a relevant role. We are looking for Business Development Manager for Our IT…",1,,750000,240000,Gurgaon, Punjab,0,0,0,0,0,0,0,0,1,0,0,1,0,0,0
82,82,ICS Consultancy Services,8,Salesforce Developer,2502500,"?10,00,000 - ?25,00,000 a year",Must have Skills : Mulesoft Cloudhub Good to Have Skills : No Technology Specialty Job Requirements : Key Responsibilities : a Responsible for RAML designs and…,0,,3575000,1430000,Pune, Maharashtra,0,0,0,0,1,0,0,0,0,0,0,0,1,0,0
84,84,ICS Consultancy Services,8,Salesforce Developer,2502500,"?10,00,000 - ?25,00,000 a year",Must have Skills : Mulesoft Cloudhub Good to Have Skills : No Technology Specialty Job Requirements : Key Responsibilities : a Responsible for RAML designs and…,0,,3575000,1430000,Pune, Maharashtra,0,0,0,0,1,0,0,0,0,0,0,0,1,0,0
85,85,Goldsikka Jewels Ltd,2,Salesforce Business Analyst,360000,"?25,000 - ?35,000 a month","Proven working experience as a business development manager, sales executive or a relevant role. GoldSikka Jewels Private limited is part of a diversified three…",1,,420000,300000,Hyderabad, Telangana,0,0,0,0,0,0,0,0,1,0,0,1,0,0,0
86,86,ICS Consultancy Services,10,Salesforce Technical Architect,2502500,"?10,00,000 - ?25,00,000 a year","Roles and responsibilities for Opportunity in Salesforce Technical Architecture. : Role : Application Lead Role Description : Lead the effort to design, build…",0,,3575000,1430000,Hyderabad, Telangana,0,0,1,0,0,0,0,0,0,0,0,0,0,0,1
87,87,Career Point Placement Services,8,Salesforce Technical/Proect Manager,743500,"?2,00,000 - ?9,00,000 a year","Looking Sales Manager to sell companies product that our customers have grown to rely on. He will utilise his skills to generate high quality leads, build a…",0,,1287000,200000,Mumbai, Maharashtra,0,0,1,0,0,0,0,0,0,0,0,0,0,0,1
89,89,Quess Corp Limited,8,Salesforce Business Analyst,1322500,"?5,00,000 - ?15,00,000 a year","Collaborates with application developers, designers, and architects to ensure a shared understanding of the business model and the detailed function…",0,,2145000,500000,Hyderabad, Telangana,0,1,0,0,0,0,0,0,1,0,0,0,0,1,0
90,90,ANI Calls India Private Limited,8,Salesforce Technical/Proect Manager,1401000,"?8,00,000 - ?14,00,000 a year","Experience with enterprise tools, such as Customer Relationship Management (Salesforce preferred), HCM, ERP, and other COTS solutions.",0,,2002000,800000,Bengaluru, Karnataka,0,0,0,0,0,0,0,0,0,0,0,0,0,0,0
91,91,10decoders Consultancy Services Pvt Ltd,2,Salesforce Business Analyst,350000,"?3,00,000 - ?4,00,000 a year","Proven working experience as a business development manager, sales executive or a relevant role. Qualification: BSc/BA in business administration, sales, or…",0,,400000,300000,Chennai, Tamil Nadu,0,0,0,0,0,0,0,0,1,0,0,1,0,0,0
92,92,Coretus Technologies,5,Salesforce Business Analyst,675000,"?45,000 a month","Proven working experience as a business development manager, sales executive or a relevant role in IT Field. You will be the front of the company and will have…",1,,675000,675000,Ahmedabad, Gujarat,0,0,0,0,0,0,0,0,1,0,0,1,0,0,0
93,93,ICS Consultancy Services,8,Salesforce Developer,2502500,"?10,00,000 - ?25,00,000 a year",Must have Skills : Mulesoft Cloudhub Good to Have Skills : No Technology Specialty Job Requirements : Key Responsibilities : a Responsible for RAML designs and…,0,,3575000,1430000,Pune, Maharashtra,0,0,0,0,1,0,0,0,0,0,0,0,1,0,0
94,94,Multirecruit,10,Salesforce Technical/Proect Manager,3932500,"?25,00,000 - ?30,00,000 a year",Should be accountable for the overall deliverables of MS Dynamics CRM practice from EDC. Should be able to work with Business groups to understand the…,0,,4290000,3575000,Bengaluru, Karnataka,0,0,0,0,0,0,0,0,1,0,0,0,0,0,0
95,95,Push Technology,2,Salesforce Administrator,306000,"?24,000 - ?27,000 a month","PUSHTech is seeking a star Sales Consultant. Reporting to the COO, this role is focused on delivering profitable sales of the company's suite of products and…",1,,324000,288000,Remote,Remote,0,0,0,0,0,0,0,0,0,0,0,0,0,0,0
96,96,CONNECTING 2 WORK,5,Salesforce Developer,1147200,"?50,000 - ?90,000 a month","Meeting with project managers to determine CRM needs. This will involve meeting with project managers, analyzing project objectives, coding new Salesforce…",1,,1544400,750000,Remote, Kerala,0,0,0,0,0,0,0,0,0,0,0,0,0,0,0
97,97,Einnosys Technologies LLP,2,Salesforce Business Analyst,350000,"?2,00,000 - ?5,00,000 a year","Proven working experience as a business development manager, sales executive or a relevant role. We are looking for an ambitious and energetic Business…",0,,500000,200000,Ahmedabad, Gujarat,0,0,0,0,0,0,0,0,1,0,0,1,0,0,0
98,98,ICS Consultancy Services,10,Salesforce Technical Architect,2502500,"?10,00,000 - ?25,00,000 a year","Roles and responsibilities for Immediate jobs in Salesforce Technical Architecture. : Role : Application Lead Role Description : Lead the effort to design,…",0,,3575000,1430000,Hyderabad, Telangana,0,0,1,0,0,0,0,0,0,0,0,0,0,0,1
99,99,Trikut info services pvt ltd,8,Salesforce Developer,1647012.665,"?5,30,425 - ?18,39,856 a year",Provide Technical leadership to implement eCommerce applications on Salesforce Commerce Cloud (SFCC/ Demand ware). Able to lead the technical team and mentor.,0,,2630994.08,663031.25,Bengaluru, Karnataka,0,0,1,0,0,0,0,0,0,0,0,0,0,0,1
102,102,International Design and Engineering Solution Pvt....,2,Salesforce Business Analyst,495000,"?20,000 - ?50,000 a month",Good time manager - ability to manage tasks vis-a-vis time in an organized way. We are looking for an ambitious and energetic Business Development executive to…,1,,750000,240000,Pune, Maharashtra,0,0,0,0,0,0,0,0,1,0,0,1,0,0,0
103,103,Tekeinstein Software Solution,5,Salesforce Developer,1311889.77,"?4,74,521 - ?15,02,978 a year",Graduate in IT / Computer Science. 8 Plus years of experience in Salesforce commerce cloud/Demandware. Collaborate with product management and operations to…,0,,2149258.54,474521,Chennai, Tamil Nadu,0,0,0,0,0,0,0,0,0,0,0,0,0,0,0
104,104,Ontrack HR Services,5,Salesforce Administrator,687500,"?5,00,000 - ?7,00,000 a year",Key responsibilities of this position include (other responsibilities may be assigned): *. Reviewing the Documentation requirements requested by customer in the…,0,,875000,500000,Chennai, Tamil Nadu,0,0,0,0,1,0,0,0,0,0,0,0,1,0,0
105,105,C P Careers Private Limited,8,Salesforce Technical/Proect Manager,1018500,"?6,00,000 - ?9,00,000 a year","Scope: Exceed targets for New Sales, Referrals or Renewals, in an individual contributor role. Work Location: Remote online work until offices reopen, candidate…",0,,1287000,750000,Bengaluru, Karnataka,0,0,0,0,0,0,0,0,0,0,0,0,0,0,0
106,106,corporate1,8,Salesforce Technical/Proect Manager,800000,"?8,00,000 a year",Hiring for Ahmedabad based IT company that is primarily working on Fortune 500 client projects. The position is based in Ahmedabad.,0,,800000,800000,Ahmedabad, Gujarat,0,0,0,0,0,0,0,0,0,0,0,0,0,0,0
108,108,ChildFund India,2,Salesforce Administrator,301788,"?3,01,788 a year","Reporting To: Sr. Officer, Project. Travel:Extensive/ As per job requirement. ROLE SUMMARY: Coordinator, Admin. and Finance will be responsible for handling all…",0,,301788,301788,Hyderabad, Telangana,0,0,0,0,1,0,0,0,0,0,0,0,1,0,0
109,109,ICS Consultancy Services,10,Salesforce Technical Architect,2502500,"?10,00,000 - ?25,00,000 a year","Roles and responsibilities for Maximo Jobs in Mumbai. : Role : Application Lead Role Description : Lead the effort to design, build and configure applications,…",0,,3575000,1430000,Hyderabad, Telangana,0,0,1,0,0,0,1,1,0,0,0,0,0,0,1
110,110,A Technologies,2,Salesforce Developer,400000,"?3,00,000 - ?5,00,000 a year","Proficiency with Java web development / web frameworks. Proficiency with fundamental front-end languages and framework such as HTML, CSS and JavaScript.",0,,500000,300000,Hyderabad, Hyderabad,0,0,0,0,0,0,0,0,0,0,0,1,0,0,0
111,111,Ontrack HR services Pvt Ltd,5,Salesforce Administrator,637500,"?4,00,000 - ?7,00,000 a year",The Document Controller will be the first point of contact for the customer and factory for all Project Documentation related needs.,0,,875000,400000,Chennai, Tamil Nadu,0,0,0,0,0,0,0,0,0,0,0,0,0,0,0
112,112,Wise Monk,8,Salesforce Technical/Proect Manager,1430000,"?10,00,000 a year","Provide accurate and timely information as required to project managers, the delivery team and senior management. We are looking for people :-.",0,,1430000,1430000,Gurgaon, Haryana,0,0,0,0,0,0,0,0,0,0,0,0,0,0,0
115,115,KAG INDIA PVT. LTD.,8,Salesforce Technical/Proect Manager,675000,"?45,000 a month","Proven working experience as a business development manager, sales executive or a relevant role. We are leading Tiles Manufacturing and selling company, Head…",1,,675000,675000,Chennai, Tamil Nadu,0,0,1,0,0,0,0,0,1,0,0,1,0,0,1
116,116,Multirecruit,5,Salesforce Developer,1115000,"?8,00,000 - ?10,00,000 a year","Bachelors/master’s degree in computer science or related field. 2+ years of experience in developing web-based, E-Commerce applications on Salesforce Commerce…",0,,1430000,800000,Bengaluru, Karnataka,0,0,0,0,0,0,0,0,0,0,0,0,0,0,0
117,117,C P Careers Private Limited,10,Salesforce Technical/Proect Manager,2431000,"?12,00,000 - ?22,00,000 a year","Streamlining work from multiple project managers for multiple customers. A DM is the point of contact for the Company team (Developers, Quality Analysts,…",0,,3146000,1716000,Chennai, Tamil Nadu,0,0,0,0,0,0,0,0,0,0,0,0,0,0,0
118,118,Talent Zone Consultants,2,Salesforce Business Analyst,350000,"?3,00,000 - ?4,00,000 a year",We are Looking for An Ambitious and Energetic Business Development Manager to Help Us Expand Our Clientele. You Will Be the Front of the Company and Will have…,0,,400000,300000,Mumbai, Maharashtra,0,0,0,0,0,0,0,0,1,0,0,1,0,0,0
122,122,Corpusvision Technology Pvt Ltd,5,Salesforce Developer,1043500,"₹8,00,000 - ₹9,00,000 a year",You will be working with other engineers and developers on different layers of the infrastructure. We are looking for someone to be responsible for the…,0,,1287000,800000,Mumbai, Maharashtra,0,0,0,0,0,0,0,0,0,0,0,0,0,0,0
123,123,Infotribo Technologies Pvt Ltd,5,Salesforce Developer,1211931.4,"₹6,11,095 - ₹11,60,835 a year",A software services company based in Bangalore founded by partners with over 45 years of combined experience in the software industry.,0,,1659994.05,763868.75,Bengaluru, Karnataka,0,0,0,0,0,0,0,0,0,0,0,0,0,0,0
124,124,KellyOCG,8,Salesforce Developer,2860000,"₹20,00,000 a year","3- 9 years of experience as a Salesforce CRM developer. Hands-on experience in Salesforce DX, Source driven development and deployment though CI tools (SFDX,…",0,,2860000,2860000,Pune, Maharashtra,0,0,0,0,0,0,0,0,0,0,0,1,0,0,0
125,125,Dialogflows AI Solutions Inc,5,Salesforce Developer,675000,"₹45,000 a month","We are looking for a Software Developer and the ideal candidate should be a detail-oriented team player, who will handle all the development and coordination…",1,,675000,675000,Ahmedabad, Gujarat,0,0,0,0,0,0,0,0,0,0,0,1,0,0,0
126,126,Digital Zones,5,Salesforce Developer,606250,"₹4,00,000 - ₹6,50,000 a year","Design, Configure and Develop solutions within the Salesforce platform(Sales & Marketing Cloud) to support our client's critical business functions and meet…",0,,812500,400000,Gurgaon, Haryana,0,1,0,0,0,0,1,1,1,0,0,0,0,1,0
127,127,Fexle Services Pvt. Ltd.,5,Salesforce Developer,1272500,"₹4,00,000 - ₹15,00,000 a year","∙ Good command on the Apex, Visualforce, Lightning Web Components, Aura Components. ∙ Hands-on experience with creating the lightning components.",0,,2145000,400000,Gurgaon, Rajasthan,0,0,0,0,0,0,0,0,0,0,0,0,0,0,0
129,129,MicroSan Consultancy Services,5,Salesforce Developer,615000,"₹40,000 - ₹50,000 a month","Overall 4+ years of experience. Min 2+ years experience on SFDC, Service Max, Service Cloud. Job Types: Full-time, Contract. Total work: 4 years (Preferred).",1,,750000,480000,Remote, Kerala,0,0,0,0,0,0,0,0,0,0,0,0,0,0,0
130,130,Syncrasy Technologies Pvt. Ltd.,5,Salesforce Developer,1147200,"₹50,000 - ₹90,000 a month",Perform deployments requested by the salesforce engineering and business analyst team. Candidate should have working experience as Salesforce developer…,1,,1544400,750000,Noida, Uttar Pradesh,0,0,0,0,0,0,0,0,1,0,0,0,0,0,0
131,131,TechDigital,8,Salesforce Developer,1680000,"₹5,00,000 - ₹20,00,000 a year",Experience Range – 4-10 Years. Location- Bangalore/Pune/Hyderabad/Jaipur. Roles and Responsibilities/Technical Skills: -*. Expected Start Date: 3/3/2021.,0,,2860000,500000,Bengaluru, Karnataka,0,0,0,0,0,0,0,0,0,0,0,0,0,0,0
132,132,221 B Baker ST,5,Salesforce Developer,926400,"₹40,000 - ₹80,000 a month",221 B Baker ST.is looking for Salesforce Developers in Kolkata Location. Salary: Head and Shoulders above industry verticals. Total work: 4 years (Preferred).,1,,1372800,480000,Kolkata, West Bengal,0,0,0,0,0,0,0,0,0,0,0,0,0,0,0
133,133,Newforce Global Services,8,Salesforce Developer,1678165.58,"₹5,48,717 - ₹18,67,437 a year",Click the below link & apply job directly *. Must have experience in Salesforce platform development. Must have problem solving and analytical skills.,0,,2670434.91,685896.25,Hyderabad, Telangana,0,0,0,0,0,0,0,0,0,0,0,1,0,0,0
134,134,REGex Software Services,8,Salesforce Developer,1887600,"₹1,00,000 - ₹1,20,000 a month",Required Salesforce Trainer who is expert in Sub-skills like: Salesforce platform Data Model Data Import and Export Data Security Basics of Clouds Salesforce…,1,,2059200,1716000,Remote,Remote,0,0,0,0,0,0,0,0,0,0,0,0,0,0,0
135,135,KBS Technologies,5,Salesforce Developer,1432161.5,"₹4,31,607 - ₹17,01,200 a year",We have urgent requirement for UI Developer (Salesforce). Pls find the detailed JD below. If your profile suits the JD pls share your Resume.,0,,2432716,431607,Remote,Remote,0,0,0,0,1,0,0,0,0,0,0,0,1,0,0
136,136,Fission Labs,8,Salesforce Developer,2860000,"₹20,00,000 a year",At least 1 salesforce certification is required. 2 - 15 years of experience with at least 2 years of experience as Salesforce developer in translating business…,0,,2860000,2860000,Hyderabad, Telangana,0,0,0,0,0,0,0,0,1,0,0,0,0,0,0
137,137,Kyra Technologies,5,Salesforce Developer,629869.5,"₹24,847 - ₹64,105 a month",Kyra Technologies is seeking an experienced and Salesforce Developer(2-4 years) who has a proven ability with Lightning Web Components (LWC) and has prior…,1,,961575,298164,Gurgaon, Punjab,0,0,0,0,0,0,0,0,0,0,0,0,0,0,0
138,138,Paradiso Software solution,2,Salesforce Developer,425000,"₹4,00,000 - ₹4,50,000 a year",Experience with salesforce classes to lightning migration is highly desired. Senior Salesforce Developer- EST Shift : 5.30 PM- 2.30 AM.,0,,450000,400000,Pune, Maharashtra,0,0,0,1,0,0,0,0,0,0,0,0,0,0,0
139,139,kevell Corp,2,Salesforce Developer,450972,"₹33,823 - ₹41,339 a month",Meeting with project managers to determine CRM needs. Developing customized solutions within the Salesforce platform. Creating timelines and development goals.,1,,496068,405876,Chennai, Tamil Nadu,0,0,0,0,0,0,0,0,0,0,0,1,0,0,0
140,140,Aakash Informatics,5,Salesforce Developer,800000,"₹8,00,000 a year",We have an excellent opportunity for Salesforce Developer/Consultant.*. We are 18+ years old US based IT company and we are into web and mobile based…,0,,800000,800000,Ahmedabad, Gujarat,0,0,0,0,0,0,0,0,0,0,0,0,0,0,0
141,141,Thanu Associates,8,Salesforce Developer,3003000,"₹1,00,000 - ₹2,50,000 a month","Lightning, Visualforce, SQL, certified salesforce developer*. Certified Salesforce developer: 6 years (Preferred). Job Types: Full-time, Commission.",1,,4290000,1716000,Bengaluru, Karnataka,0,0,0,0,0,0,0,0,0,0,0,0,0,0,0
143,143,Maxify Digital,5,Salesforce Developer,1079500,"₹3,00,000 - ₹13,00,000 a year",Salesforce development: 2 years (Preferred). Good understanding of Salesforce Service Cloud features. In depth knowledge of Salesforce Lighting Framework.,0,,1859000,300000,Noida, Uttar Pradesh,0,0,0,0,0,0,0,0,0,0,0,1,0,0,0
144,144,ABTECH Software Solutions,8,Salesforce Developer,1544400,"₹90,000 a month","ABTECH Solutions is a leading global professional services company, providing a broad range of services in strategy and consulting, interactive, technology and…",1,,1544400,1544400,Delhi,India,0,0,1,0,0,0,0,0,0,0,0,0,0,0,1
145,145,Apptad Technology Private Limited,8,Salesforce Developer,2002000,"₹14,00,000 a year","Reports to Scrum Master (Agile). Primary Skill Salesforce Configuration, Customization (Visualforce, Apex Class, Apex Trigger, Asynchronous Apex (Batch, Future,…",0,,2002000,2002000,Bengaluru, Karnataka,0,0,0,1,0,0,1,1,0,0,0,0,0,0,0
146,146,Neeha IT Services India Pvt Ltd,5,Salesforce Developer,1287000,"₹9,00,000 a year",3 to 5 years Experienced. Experience in writing Aura Lightning Components. Experience in writing Visual Force Pages. Expected Start Date: 18/1/2021.,0,,1287000,1287000,Hyderabad, Andhra Pradesh,0,0,0,0,0,0,0,0,0,0,0,0,0,0,0
147,147,Saadhvi Technology,8,Salesforce Developer,2002000,"₹10,00,000 - ₹18,00,000 a year",Must have experience of salesforce data loader. Must have experience of salesforce unit testing and code coverage with test classes.,0,,2574000,1430000,Chennai, Tamil Nadu,0,0,0,1,0,0,0,0,0,0,0,0,0,0,0
148,148,Byndr Technologies,8,Salesforce Developer,1638866.89,"₹5,23,352 - ₹18,34,646 a year","Technical expertise on salesforce.com and Veeva, understanding of the real-world use of salesforce automation and business processes.",0,,2623543.78,654190,Bengaluru, Karnataka,0,0,0,0,0,0,0,0,1,0,0,0,0,0,0
149,149,Rishvaware Technologies,5,Salesforce Developer,555000,"₹30,000 - ₹50,000 a month",Knowledge on Advanced concepts in salesforce platform is an added advantage. Need Salesforce Developers(No Admins) for Chennai Location.,1,,750000,360000,Chennai, Tamil Nadu,0,0,0,0,0,0,0,0,0,0,0,0,0,0,0
150,150,Victrix Systems & Labs Pvt. Ltd.,8,Salesforce Developer,1544000,"₹8,00,000 - ₹16,00,000 a year","Total Exp : 5-7 yrs .shift : 2pm to 11 pm. Participate in analysis, planning, and design. Interact with customer and team on functional and technical…",0,,2288000,800000,Pune, Maharashtra,0,1,0,0,0,1,0,0,0,0,0,0,0,1,0
151,151,360 Technology,5,Salesforce Developer,957060.625,"₹5,01,697 - ₹9,00,000 a year",Bachelor’s degree in Computer Science or Software Engineering. Previous work experience with application and software development. What we are looking for :,0,,1287000,627121.25,Chennai, Tamil Nadu,0,0,0,0,0,0,0,0,0,0,0,1,0,0,0
154,154,360 Degree Cloud Technologies,8,Salesforce Developer,2002000,"₹14,00,000 a year","Experience : 1 to 4 years. Skills Required: Salesforce Development & customization, Apex, Lightning aura components, VF, triggers..",0,,2002000,2002000,Remote,Remote,0,0,0,0,0,0,0,0,0,0,0,1,0,0,0
156,156,5 Exceptions Software Solutions,2,Salesforce Developer,475000,"₹2,00,000 - ₹6,00,000 a year","2+ year’s experience with Force.com developer toolkit - Apex, VisualForce, Force.com IDE, Force.com Migration Tool, Web Services/SOA & Metadata APIs.",0,,750000,200000,Remote, Madhya Pradesh,0,0,0,0,0,0,0,0,0,0,0,0,0,0,0
158,158,Webner Solutions Pvt. Ltd.,5,Salesforce Developer,600000,"₹4,00,000 - ₹8,00,000 a year","You should be comfortable with Triggers, Workflows, and ProcessBuilder development, batch jobs, custom objects, custom layout, test coverage, and salesforce app…",0,,800000,400000,Gurgaon, Punjab,0,0,0,0,0,0,0,0,0,0,0,1,0,0,0
160,160,MicroSan Consultancy Services,5,Salesforce Developer,615000,"₹40,000 - ₹50,000 a month","3+ years of experience in veeva(Eg. Veeva vault). Job Types: Full-time, Temporary. Salary: ₹40,000.00 - ₹50,000.00 per month. Total work: 5 years (Required).",1,,750000,480000,Remote, Kerala,0,0,0,0,0,0,0,0,0,0,0,0,0,0,0
161,161,ANI Calls India Private Limited,8,Salesforce Developer,1787500,"₹9,00,000 - ₹16,00,000 a year","The Salesforce UX/UI Developer role requires 5+ years of relevant Salesforce development & experience with HTML, CSS, JavaScript, and human-centered design.",0,,2288000,1287000,Mumbai, Maharashtra,0,0,0,0,0,0,0,0,0,0,0,1,0,0,0
162,162,Cbsi Global,5,Salesforce Developer,1322500,"₹5,00,000 - ₹15,00,000 a year",Greetings from CBSI India Pvt Ltd!!!! We have an opening with one of our ESTEEMED Client. Interview location : Bangalore / Pune / Chennai / Mumbai.,0,,2145000,500000,Mumbai, Maharashtra,0,0,0,0,0,0,0,0,0,0,0,0,0,0,0
163,163,Grubbrr,5,Salesforce Developer,975667.5,"₹7,80,534 a year",L Build functionalities in a sandbox with Visual Force or Apex before deploying to production. L Act as a Project or Product Manager during implementation and…,0,,975667.5,975667.5,Ahmedabad, Gujarat,0,1,0,0,0,1,0,0,0,0,0,0,0,1,0
164,164,Webkul Software,2,Salesforce Developer,320000,"₹3,20,000 a year","We are looking for salesforce developers who have a deep understanding of integrations, lightening and test classes. CTC 3.2 LPA- 7 LPA.",0,,320000,320000,Noida, Uttar Pradesh,0,0,0,1,0,0,0,0,0,0,0,0,0,0,0
165,165,Medullus,5,Salesforce Developer,630000,"₹30,000 - ₹60,000 a month","The candidates should have experience in the following: Salary: ₹30,000.00 - ₹60,000.00 per month. Temporarily due to COVID-19.",1,,900000,360000,Kolkata, West Bengal,0,0,0,0,0,0,0,0,0,0,0,0,0,0,0
167,167,Date Transformation Company,8,Salesforce Developer,2145000,"₹14,00,000 - ₹16,00,000 a year","Clear insight of Salesforce platform best practices, coding and design guidelines and governor limits. Strong proficiency in writing Apex code and triggers,…",0,,2288000,2002000,Bengaluru, Karnataka,0,0,0,0,0,0,0,0,0,0,0,0,0,0,0
168,168,serendipityservices.in,8,Salesforce Developer,1887600,"₹1,00,000 - ₹1,20,000 a month","We are Looking for salesforce developers with CPQ. 6 plus years hand on experience with Salesforce, 3 plus year on salesforce CPQ,.",1,,2059200,1716000,Pune, Maharashtra,0,0,0,0,0,0,0,0,0,0,0,0,0,0,0
169,169,Esskay Compuservices Pvt Ltd.,5,Salesforce Developer,1413577.535,"₹3,92,796 - ₹17,02,349 a year",3-8 years of experience in salesforce development. Integrate applications with salesforce leveraging SOAP/REST based solutions. Expected Start Date: 8/2/2021.,0,,2434359.07,392796,Mumbai, Maharashtra,0,0,0,0,0,0,0,0,0,0,0,1,0,0,0
170,170,Factual Authentication Private Limited,8,Salesforce Developer,2216500,"₹15,00,000 - ₹16,00,000 a year",Experience: 5 - 10 years and CTC: 15 lakhs - 16 lakhs. Must have experience in Salesforce Developer. Must have experience in Salesforce Lightning.,0,,2288000,2145000,Noida, Uttar Pradesh,0,0,0,0,0,0,0,0,0,0,0,0,0,0,0
171,171,Zenovative Technology,8,Salesforce Developer,1576637.8,"₹5,17,280 - ₹17,52,920 a year","Managing a team of developers for delivery on client expectation. Communicate effectively with developers, business, and QA teams. Function as a team lead.",0,,2506675.6,646600,Bengaluru, Karnataka,0,1,1,0,0,0,0,0,1,0,0,0,0,1,1
172,172,Nuage BizTech Pvt Ltd,5,Salesforce Developer,1430000,"₹10,00,000 a year",Easily transitions between hands-on lead developer to strategic recommendations regarding future product enhancements. Proven work experience in LWC.,0,,1430000,1430000,Noida, Uttar Pradesh,0,0,1,0,0,0,0,0,0,0,0,0,0,0,1
173,173,U2ME WORKFORCE PVT LTD,2,Salesforce Developer,350000,"₹3,00,000 - ₹4,00,000 a year","Assists clients in the design, business architect, process development, functional implementation, and support of Salesforce CRM Applications.",0,,400000,300000,Bengaluru, Karnataka,0,1,0,0,0,1,0,0,1,0,0,1,0,1,0
174,174,Dreamwares IT Solutions LLP,5,Salesforce Developer,540000,"₹15,000 - ₹60,000 a month","Researching, designing, implementing and managing software programs. Testing and evaluating new programs. Writing and implementing efficient code.",1,,900000,180000,Pune, Maharashtra,0,0,0,0,0,0,0,0,0,0,0,0,0,0,0
175,175,IndusIT Technolab,5,Salesforce Developer,1287000,"₹70,000 - ₹80,000 a month","This is a contract based Job, Hiring period will be 3 to 6 months (depends on the performance and workflow).*. Skills we are looking for:",1,,1372800,1201200,Ahmedabad, Gujarat,0,0,0,0,0,0,0,0,0,0,0,0,0,0,0
176,176,Kcloud Technologies,5,Salesforce Developer,775000,"₹6,00,000 - ₹8,00,000 a year","Job Title-Senior Salesforce developer. Qualification-BCA,MCA,Btech,Bachlors. Job Location-*Sector-64 Noida. Work with new technologies on Salesforce Lightning…",0,,800000,750000,Noida, Uttar Pradesh,0,0,0,0,0,0,0,0,0,0,0,0,0,0,0
177,177,Redian Software,5,Salesforce Developer,1430000,"₹10,00,000 a year",5 years of relevant experience in Salesforce with 12-24 month in either lightening or cloud. Should be service cloud experience with implementation experience…,0,,1430000,1430000,Noida, Uttar Pradesh,0,0,0,0,0,0,0,0,0,0,0,0,0,0,0
178,178,Yo Hr Consultancy,5,Salesforce Developer,1151000,"₹3,00,000 - ₹14,00,000 a year",Preferred - AD1 or PD1 salesforce certified. Mandatory- Minimum 1.5 years experience with Salesforce development..,0,,2002000,300000,Bengaluru, Karnataka,0,0,0,0,0,0,0,0,0,0,0,1,0,0,0
179,179,Saffier,8,Salesforce Developer,2145000,"₹10,00,000 - ₹20,00,000 a year",You will be working with associate developer and architects on different layers of the infrastructure. You will be responsible for delivering technical design…,0,,2860000,1430000,Bengaluru, Karnataka,0,0,0,0,0,0,0,0,0,0,0,0,0,0,0
180,180,Vivotex India,5,Salesforce Developer,1244059.04,"₹4,07,388 - ₹14,55,056 a year",We are hiring for top mnc company and for first six months it is contract period and next it would be a permanent.looking for immediate to 15 days NP candidates…,0,,2080730.08,407388,Chennai, Tamil Nadu,0,0,0,0,0,0,0,0,0,0,0,0,0,0,0
181,181,Monexo Fintech Pvt Ltd,5,Salesforce Developer,606250,"₹4,00,000 - ₹6,50,000 a year","Years of experience: * 2-3 years. Should have worked with an IDE such as MavensMate / Eclipse for force.com. Hands-on experience in administration setup, e.g.,…",0,,812500,400000,Chennai, Tamil Nadu,0,0,0,0,0,0,0,0,0,0,0,0,0,0,0
182,182,Search Bridge Consulting,8,Salesforce Developer,1573000,"₹10,00,000 - ₹12,00,000 a year",Design and develop new landing pages in Pardot and integrate prospect generation with Salesforce and websites. Follow defined practices for documentation.,0,,1716000,1430000,Gurgaon, Delhi,0,0,0,0,0,0,0,0,0,0,0,0,0,0,0
183,183,Gembrill Technologies India pvt ltd,5,Salesforce Developer,1214045.99,"₹3,78,064 - ₹14,33,586 a year","Greetings from "" CONNECT LEADER "" (product-based company ) https://www.connectleader.com. We have an immediate opening for "" SENIOR SALES FORCE DEVELOPER "" in…",0,,2050027.98,378064,Chennai, Tamil Nadu,0,0,1,0,0,0,0,0,0,0,0,0,0,0,1
185,185,Talent Corner HR Services Private Limited,8,Salesforce Developer,1805000,"₹6,00,000 - ₹20,00,000 a year",You will be working with associate developer and architects on different layers of the infrastructure. We are looking for Lead/Senior Salesforce Developer (6 to…,0,,2860000,750000,Bengaluru, Karnataka,0,0,1,0,0,0,0,0,0,0,0,0,0,0,1
186,186,Trikut info services pvt ltd,5,Salesforce Developer,1322500,"₹5,00,000 - ₹15,00,000 a year","SFDC Architect is responsible for all technical aspects of Salesforce.com, including analysis & design, custom code, data migrations, data quality, systems…",0,,2145000,500000,Bengaluru, Karnataka,0,0,0,0,0,0,0,0,0,0,0,0,0,0,0
187,187,Vikash Technologies,8,Salesforce Developer,1647012.665,"₹5,30,425 - ₹18,39,856 a year","Hiring for Sales Force Developer. Notice Period : Immediate to 30 days Notice Period. Location : Base Location Bangalore , Noida , Kolkata , remote option…",0,,2630994.08,663031.25,Bengaluru, Karnataka,0,0,0,0,0,0,0,0,0,0,0,0,0,0,0
188,188,Samvaad consultancy services,2,Salesforce Developer,390000,"₹30,000 - ₹35,000 a month","Developing customized solutions within the Salesforce platform. Designing, coding, and implementing Salesforce applications.",1,,420000,360000,Remote, Madhya Pradesh,0,0,0,0,0,0,0,0,0,0,0,0,0,0,0
189,189,Triaksha Automation Technologies Pvt Ltd,5,Salesforce Developer,1430000,"₹10,00,000 a year","Looking for SFDC System Analyst/Developer: 4-7 years IT industry total experience, with 3-5 years specifically in Salesforce.com development (coding) and…",0,,1430000,1430000,Bengaluru, Karnataka,0,0,0,0,0,0,0,0,0,0,0,1,0,0,0
190,190,Fantail Technologies Pvt. Ltd.,5,Salesforce Developer,606250,"₹4,00,000 - ₹6,50,000 a year",Fantail is looking for 0-2 years experienced super stars from Top Tier Colleges to join us as a Full Stack Developer in developing enterprise solutions using…,0,,812500,400000,Pune, Maharashtra,0,0,0,0,0,0,0,0,0,0,0,0,0,0,0
191,191,Freelancer K V Anila,5,Salesforce Developer,1233000,"₹6,00,000 - ₹12,00,000 a year",Must have experience as a salesforce data loader. Must have experience in salesforce unit testing and code coverage with test classes.,0,,1716000,750000,Chennai, Tamil Nadu,0,0,0,1,0,0,0,0,0,0,0,0,0,0,0
192,192,Synergy Resource Solutions,8,Salesforce Developer,1644679.945,"₹5,17,035 - ₹18,48,298 a year","Greetings from Synergy Resource Solutions, a leading HR Management Consultancy Firm.. Our Client a leading US-based Salesforce Services company.",0,,2643066.14,646293.75,Hyderabad, Telangana,0,0,1,0,0,0,0,0,0,0,0,0,0,0,1
193,193,Visionyle Solutions Private Limited,8,Salesforce Developer,2145000,"₹15,00,000 a year",Notice Period: *Immediate/15 Days. Candidate must have minimum 6 years of Hands experience on Mulesoft platform development.,0,,2145000,2145000,Bengaluru, Karnataka,0,0,0,0,0,0,0,0,0,0,0,1,0,0,0
194,194,Byndr Technologies,8,Salesforce Administrator,1680000,"₹5,00,000 - ₹20,00,000 a year",Location: Bangalore Ideally But Remote as of Now*. Sound knowledge & experience of marketing domain processes spreading across the industry leading tool…,0,,2860000,500000,Bengaluru, Karnataka,0,0,1,0,0,0,0,0,0,0,0,0,0,0,1
195,195,UB Technology Innovations,8,Salesforce Business Analyst,1322500,"₹5,00,000 - ₹15,00,000 a year","Configure the Client Environment for Lightning DX (install VS code , spin scratch orgs , configure command line ). Convert VF pages into LTNG starting with TIP.",0,,2145000,500000,Chennai, Tamil Nadu,0,0,0,0,0,0,1,1,0,0,0,0,0,0,0
196,196,Multirecruit,8,Salesforce Developer,2574000,"₹17,00,000 - ₹19,00,000 a year",Strong experience in getting requirement and design clarifications from the onsite team. Strong experience in explaining the requirement and design to the…,0,,2717000,2431000,Chennai, Tamil Nadu,0,0,0,0,1,0,0,0,0,0,0,0,1,0,0
197,197,Bluvium,5,Salesforce Developer,650000,"₹5,00,000 - ₹8,00,000 a year",We are hiring Salesforce developers for CPQ projects for US-based clients. Your role will primarily be the implementation of Salesforce – CPQ Solutions.,0,,800000,500000,Kolkata, West Bengal,0,0,0,0,0,0,0,0,0,0,0,0,0,0,0
198,198,Dextris info Services,8,Salesforce Developer,2860000,"₹20,00,000 a year","Skills : Apex, CPQ, Lightening, Sales cloud. Exp: 3 to 7 Yrs. Salary: Up to ₹2,000,000.00 per year. Temporarily due to COVID-19.",0,,2860000,2860000,Bengaluru, Karnataka,0,0,0,0,0,0,0,0,0,0,0,0,0,0,0
199,199,Quess IT Staffing,8,Salesforce Developer,12870000,"₹7,50,000 a month",#salesforce #sales #crm #marketing #salesforceadmin #salesforcecertified #salesforcetraining #salesforcedevelopers #salesforcepartner.,1,,12870000,12870000,Pune, Maharashtra,0,0,0,0,0,0,0,0,0,0,0,0,0,0,0
200,200,Trumatics Software Labs,5,Salesforce Developer,750000,"₹50,000 a month",Salesforce developer: 3 years (Preferred). Minimum 4+ years’ experience as Salesforce Developer. Able to work independently and as a member of the technology…,1,,750000,750000,Chennai, Tamil Nadu,0,0,0,0,0,0,0,0,0,0,0,0,0,0,0
201,201,High Career,8,Salesforce Developer,2502500,"₹10,00,000 - ₹25,00,000 a year",Urgent hiring for the position of Salesforce Commerce Cloud Developer *. Role: Salesforce Commerce Cloud Developers & Senior Developers.,0,,3575000,1430000,Bengaluru, Karnataka,0,0,0,0,0,0,0,0,0,0,0,0,0,0,0
203,203,Cohere Recruit,5,Salesforce Developer,1258000,"₹8,00,000 - ₹12,00,000 a year","< Hiring > * Salesforce Developer. Pls Apply | Share | Refer. Salary: ₹800,000.00 - ₹1,200,000.00 per year. Salesforce Development: 3 years (Required).",0,,1716000,800000,Gurgaon, Rajasthan,0,0,0,0,0,0,0,0,0,0,0,1,0,0,0
205,205,GTCSYS Services,2,Salesforce Developer,400000,"₹4,00,000 a year","Translate functional requirements into technical requirements. Design and build high-performance, reusable, and reliable Apex code with best practices.",0,,400000,400000,Ahmedabad, Gujarat,0,1,0,0,1,1,0,0,0,0,0,0,1,1,0
206,206,ANI Calls India Private Limited,8,Salesforce Developer,2002000,"₹12,00,000 - ₹16,00,000 a year","Transform business requirements into technical specifications. Design and develop data using IBM Data Stage to acquire, transform, and publish data sets for a…",0,,2288000,1716000,Mumbai, Maharashtra,0,0,0,0,1,0,0,0,1,0,0,0,1,0,0
208,208,Cranium IT,5,Salesforce Developer,936998.46,"₹27,628 - ₹89,887 a month","Job Purpose and primary objectives*. 5+ Years of experience in architecting, designing, and building reporting applications using Tableau.",1,,1542460.92,331536,Bengaluru, Karnataka,0,0,0,0,0,0,0,0,0,0,0,0,0,0,0
209,209,Saadhvi Technology,8,Salesforce Developer,2860000,"₹18,00,000 - ₹22,00,000 a year","Participate in analysis and design of user interfaces and provides solutions and alternatives. Collaborate with business, design, development, and quality…",0,,3146000,2574000,Chennai, Tamil Nadu,0,0,0,0,0,0,0,0,1,0,0,1,0,0,0
210,210,Adway Info PVT LTD,2,Salesforce Developer,427500,"₹15,000 - ₹45,000 a month","Good understanding of HTML5, CSS3, JavaScript (ES6/ES7/ES8) OR Java. Active profile in git, StackOverflow, codepen, code sandbox, expo etc will be added…",1,,675000,180000,Kolkata, West Bengal,0,0,0,0,0,0,0,0,0,0,0,0,0,0,0
211,211,Navixel Solutions Pvt Ltd,8,Salesforce Developer,1544400,"₹90,000 a month","Navixel Solutions is a leading expert in travel & technology based in Mohali, India. We have a history of working with companies of all shapes and sizes.",1,,1544400,1544400,Gurgaon, Punjab,0,0,1,0,0,0,0,0,0,0,0,0,0,0,1
212,212,Monexo Fintech Pvt Ltd,2,Salesforce Developer,350000,"₹3,00,000 - ₹4,00,000 a year","Years of experience: * 2 years. Strong experience in Core Java, Java Script, triggers. Strong in OO design skills/implementation of design patterns and…",0,,400000,300000,Chennai, Tamil Nadu,0,0,0,0,0,0,0,0,0,0,0,0,0,0,0
213,213,Globex Digital Solutions,8,Salesforce Developer,1510000,"₹7,00,000 - ₹15,00,000 a year","Hiring for Apttus CPQ Developer. Minimum work experience:7-15 Years. Notice Period : Immediate- 30 Days. Experience in Apex development, Visualforce, Angular JS…",0,,2145000,875000,Bengaluru, Karnataka,0,0,0,0,0,0,0,0,0,0,0,1,0,0,0
214,214,Options India,8,Salesforce Developer,2645500,"₹12,00,000 - ₹25,00,000 a year","Q3. How many years of experience do you have in hands-on salesforce development? Communicate with project managers, clients, and other developers to design…",0,,3575000,1716000,Bengaluru, Karnataka,0,0,0,0,0,0,0,0,0,0,0,1,0,0,0
216,216,HIREXA Solutions,8,Salesforce Developer,2059200,"₹1,00,000 - ₹1,40,000 a month",Fully remote work (40 hours/Week) - 6 months contract. Work timings (UK shift) : 1 pm to 9 pm IST. Experience : 4 to 7 years relevant.,1,,2402400,1716000,Bengaluru, Karnataka,0,0,0,0,0,0,0,0,0,0,0,0,0,0,0
217,217,ICS Consultancy Services,10,Salesforce Technical Architect,2502500,"₹10,00,000 - ₹25,00,000 a year","Roles and responsibilities for Openings in Salesforce Service Cloud. : Role : Application Lead Role Description : Lead the effort to design, build and configure…",0,,3575000,1430000,Mumbai, Maharashtra,0,0,1,0,0,0,1,1,0,0,0,0,0,0,1
218,218,Trikut info services pvt ltd,8,Salesforce Developer,1647012.665,"₹5,30,425 - ₹18,39,856 a year",Salesforce B2C developer certificate is a must and B2C architect certificate along with other Salesforce cloud certifications is a plus.,0,,2630994.08,663031.25,Bengaluru, Karnataka,0,0,0,0,0,0,0,0,0,0,0,0,0,0,0
219,219,KBS Technologies,5,Salesforce Developer,1404600,"₹50,000 - ₹1,20,000 a month",Hi We have Requirement for Vlocity Development Engineer role. Pls find the details below: *. Vlocity Development experience – 3 years.,1,,2059200,750000,Remote,Remote,0,0,0,0,1,0,0,0,0,0,0,1,1,0,0
220,220,CONNECTING 2 WORK,5,Salesforce Developer,1147200,"₹50,000 - ₹90,000 a month",We are looking for a talented Salesforce Developer to design world-class Salesforce applications for our evolving CRM requirements.,1,,1544400,750000,Remote, Kerala,0,0,0,1,1,0,0,0,0,0,0,0,1,0,0
221,221,Joulestowatts business solutions,5,Salesforce Developer,775000,"₹6,00,000 - ₹8,00,000 a year","After successful completion of the training, you will be assisted to complete the developer certification. Type: Full time hiring with PFS.",0,,800000,750000,Bengaluru, Karnataka,0,0,0,0,0,0,0,0,0,0,0,0,0,0,0
222,222,Millipixels Interactive LLP,5,Salesforce Developer,1136400,"₹60,000 - ₹80,000 a month","From some of the world’s largest companies to startups with that twinkle in the eye, we work with our clients to design, develop and deliver their next…",1,,1372800,900000,Remote,Remote,0,0,0,0,0,0,0,0,0,0,0,0,0,0,0
223,223,A Technologies,2,Salesforce Developer,400000,"₹3,00,000 - ₹5,00,000 a year","Proficiency with Java web development / web frameworks. Proficiency with fundamental front-end languages and framework such as HTML, CSS and JavaScript.",0,,500000,300000,Hyderabad, Hyderabad,0,0,0,0,0,0,0,0,0,0,0,1,0,0,0
224,224,Opasa Software Services India pvt. Ltd,10,Salesforce Technical Architect,2860000,"₹20,00,000 a year","Collaborating with project teams consisting of Scrum Masters, business analysts, developers and testers to ensure that specified solutions are understood and to…",0,,2860000,2860000,Bengaluru, Karnataka,0,0,0,0,0,0,0,0,1,0,0,0,0,0,0
225,225,CloudRedux Consultancy Services,5,Salesforce Developer,1268750,"₹6,00,000 - ₹12,50,000 a year",The candidate should have at least 4+ years on Salesforce.com and web service development. The successful candidate must have hands-on implementation experience…,0,,1787500,750000,Pune, Maharashtra,0,0,0,0,0,0,0,0,0,0,0,1,0,0,0
226,226,ICS Consultancy Services,8,Salesforce Developer,2502500,"₹10,00,000 - ₹25,00,000 a year","Must have Skills : Salesforce Lightning Good to Have Skills : Salesforce Integration, Apex Programming Language, Agile Team Practices Job Requirements : Key…",0,,3575000,1430000,Pune, Maharashtra,0,0,0,0,1,0,0,0,0,0,0,0,1,0,0
227,227,Pudding,2,Salesforce Developer,500000,"₹5,00,000 a year",We are looking for a Salesforce developer who understands the complete Salesforce ecosystem and passionate about building solutions in the platform.,0,,500000,500000,Bengaluru, Karnataka,0,0,0,0,0,0,0,0,0,0,0,0,0,0,0
228,228,Conscious Foundation,5,Salesforce Developer,1108000,"₹5,00,000 - ₹12,00,000 a year","1 to 7 years exp. 1 to 7 years exp. Should have good academic record. Salary: ₹500,000.00 to ₹1,200,000.00 /year.",0,,1716000,500000,Gurgaon, Rajasthan,0,0,0,0,0,0,0,0,0,0,0,0,0,0,0
229,229,DynPro India Private Limited,5,Salesforce Developer,550000,"₹3,00,000 - ₹8,00,000 a year",Roles and Responsibilities Salesforce developer Desired Candidate Profile Perks and Benefits 3.00-8.00…,0,,800000,300000,Chennai, Tamil Nadu,0,0,0,0,0,0,0,0,0,0,0,0,0,0,0
230,230,Career Carnival LLP,8,Salesforce Developer,1991700,"₹7,50,000 - ₹21,30,000 a year",">9 years of experience as a Salesforce CRM developer. Hands-on experience in Salesforce DX, Source driven development and deployment though CI tools (SFDX,…",0,,3045900,937500,Chennai, Tamil Nadu,0,0,0,0,0,0,0,0,0,0,0,1,0,0,0
231,231,Serendipity Corporate Services,8,Salesforce Developer,2860000,"₹20,00,000 a year","We have vacancies for Pune , Hyderabad , Bangalore and Chennai location, details are as follows. Skill required - Aura , lightning , lwc.",0,,2860000,2860000,Pune, Maharashtra,0,0,0,0,0,0,0,0,0,0,0,0,0,0,0
232,232,Joulestowatts business solutions,5,Salesforce Developer,1165778.01,"₹3,20,098 - ₹14,06,614 a year",IN THIS POSITION YOU WILL*. Collaborate with creative and user experience teams to bring unique and engaging interfaces to life. Expected Start Date: 10/2/2021.,0,,2011458.02,320098,Bengaluru, Karnataka,0,0,0,0,0,0,0,0,0,0,0,0,0,0,0
233,233,QR Solutions,5,Salesforce Developer,1115000,"₹8,00,000 - ₹10,00,000 a year",Role *Senior Salesforce.com Developer / Consultant / Practice Lead. Own the overall technical design and development for multiple projects.,0,,1430000,800000,Chennai, Tamil Nadu,0,0,1,0,0,0,0,0,0,0,0,1,0,0,1
234,234,RevClerx Pvt Ltd,5,Salesforce Developer,525000,"₹3,00,000 - ₹6,00,000 a year","Should have Salesforce.com experience in Sales, Service cloud on Apex, VF development, Development in Lightning. Minimum 6 months of Lightning Exp required.",0,,750000,300000,Gurgaon, Punjab,0,0,0,0,0,0,0,0,0,0,0,1,0,0,0
235,235,corporate1,8,Salesforce Developer,2288000,"₹16,00,000 a year",A very very reputed and progressive software company in Bangalore conducting a recruitment drive in Kochi for immediate Job offers.,0,,2288000,2288000,Bengaluru, Karnataka,0,0,0,0,0,0,0,0,0,0,0,0,0,0,0
236,236,Techstar Software Development India Pvt. Ltd.,8,Salesforce Developer,1694605.215,"₹5,53,154 - ₹18,86,551 a year","Thorough understanding of salesforce development. Strong in integration of salesforce with other legacy systems. 4 Locations in US, 3 Locations in India.",0,,2697767.93,691442.5,Hyderabad, Telangana,0,0,0,0,0,0,0,0,0,0,0,1,0,0,0
237,237,ANI Calls India Private Limited,8,Salesforce Developer,2002000,"₹12,00,000 - ₹16,00,000 a year","Transform business requirements into technical specifications. Design and develop data using IBM Data Stage to acquire, transform, and publish data sets for a…",0,,2288000,1716000,Hyderabad, Telangana,0,0,0,0,1,0,0,0,1,0,0,0,1,0,0
238,238,HiretechSource,8,Salesforce Developer,1859000,"₹10,00,000 - ₹16,00,000 a year",We are looking for the Web-methods Developer in Chennai. Designation / Position: Web-methods Developer. About the Company : We Build Solutions to Accelerate…,0,,2288000,1430000,Chennai, Tamil Nadu,0,0,0,0,0,0,0,0,0,0,0,0,0,0,0
239,239,Rainbow Jobs & Hr Service,8,Salesforce Developer,3932500,"₹25,00,000 - ₹30,00,000 a year","Provide Salesforce technical leadership for team of developers, admins and analysts. We are hiring SFDC developers with a minimum of 8 years of experience in…",0,,4290000,3575000,Bengaluru, Karnataka,0,0,1,0,0,0,0,0,0,0,0,0,0,0,1
240,240,Recruiters Choice,8,Salesforce Developer,2538250,"₹13,00,000 - ₹22,50,000 a year","Candidate with Apex, Visual force development and Integration must. Salary 13 Lac To 22 Lac 50 Thousand P.A. Address 431, Jharkhandi Road, Shahdara, Delhi.",0,,3217500,1859000,Gurgaon, Haryana,0,0,0,0,0,0,0,0,0,0,0,1,0,0,0
241,241,Angel & Genie,8,Salesforce Developer,2502500,"₹16,00,000 - ₹19,00,000 a year",A Developer should be hands-on on Salesforce coding skill and well versed with custom and integration development having Salesforce experience 2-6 years.,0,,2717000,2288000,Bengaluru, Karnataka,0,0,0,0,0,0,0,0,0,0,0,1,0,0,0
242,242,AMS Human Resources Pvt. Ltd.,5,Salesforce Developer,800000,"₹8,00,000 a year",Duties and Responsibilities: We are looking for an experienced Salesforce Senior Developer for. Salesforce Custom Applications Development with hands-on…,0,,800000,800000,Pune, Maharashtra,0,0,0,0,0,0,0,0,0,0,0,1,0,0,0
243,243,ANI Calls India Private Limited,10,Salesforce Technical Architect,1644500,"₹9,00,000 - ₹14,00,000 a year","8 years + experience with Salesforce. 5 years + experience of working with deployment teams, using Agile development techniques.",0,,2002000,1287000,Mumbai, Maharashtra,0,0,0,0,0,0,0,0,0,0,0,1,0,0,0
244,244,Freelancer K V Anila,8,Salesforce Developer,2002000,"₹12,00,000 - ₹16,00,000 a year","Participate in analysis and design of user interfaces and provides solutions and alternatives. Collaborate with business, design, development, and quality…",0,,2288000,1716000,Chennai, Tamil Nadu,0,0,0,0,0,0,0,0,1,0,0,1,0,0,0
245,245,ICS Consultancy Services,10,Salesforce Technical Architect,2502500,"₹10,00,000 - ₹25,00,000 a year","Roles and responsibilities for Jobs in Salesforce Lightning. : Role : Application Lead Role Description : Lead the effort to design, build and configure…",0,,3575000,1430000,Hyderabad, Telangana,0,0,1,0,0,0,1,1,0,0,0,0,0,0,1
246,246,ANI Calls India Private Limited,8,Salesforce Developer,1787500,"₹9,00,000 - ₹16,00,000 a year","The Salesforce UX/UI Developer role requires 5+ years of relevant Salesforce development & experience with HTML, CSS, JavaScript, and human-centered design.",0,,2288000,1287000,Hyderabad, Telangana,0,0,0,0,0,0,0,0,0,0,0,1,0,0,0
247,247,ANI Calls India Private Limited,8,Salesforce Developer,2145000,"₹12,00,000 - ₹18,00,000 a year",Data modeling in Einstein Analytics with the Understanding of Salesforce objects and relationships. Custom Report and Dashboard Development using Einstein.,0,,2574000,1716000,Chennai, Tamil Nadu,0,0,0,0,0,0,0,0,0,0,0,1,0,0,0
248,248,ANI Calls India Private Limited,8,Salesforce Developer,1787500,"₹9,00,000 - ₹16,00,000 a year",At least 8+ yrs of Experience in Salesforce (SFDC) CRM with end to end implementation experience. At least 2+ yrs of Experience in designing and developing…,0,,2288000,1287000,Noida, Uttar Pradesh,0,0,0,0,0,0,0,0,0,0,0,0,0,0,0
249,249,Tekeinstein Software Solution,5,Salesforce Developer,1311889.77,"₹4,74,521 - ₹15,02,978 a year",Graduate in IT / Computer Science. 8 Plus years of experience in Salesforce commerce cloud/Demandware. Collaborate with product management and operations to…,0,,2149258.54,474521,Chennai, Tamil Nadu,0,0,0,0,0,0,0,0,0,0,0,0,0,0,0
250,250,ANI Calls India Private Limited,8,Salesforce Developer,2145000,"₹12,00,000 - ₹18,00,000 a year",Data modeling in Einstein Analytics with the Understanding of Salesforce objects and relationships. Custom Report and Dashboard Development using Einstein.,0,,2574000,1716000,Bengaluru, Karnataka,0,0,0,0,0,0,0,0,0,0,0,1,0,0,0
251,251,ICS Consultancy Services,8,Salesforce Business Analyst,2502500,"₹10,00,000 - ₹25,00,000 a year","Roles and responsibilities for Opportunity in Salesforce Testing. : Role : Application Developer Role Description : Design, build and configure applications to…",0,,3575000,1430000,Pune, Maharashtra,0,0,0,0,0,0,1,1,0,0,0,0,0,0,0
252,252,Webner Solutions Pvt. Ltd.,8,Salesforce Technical/Proect Manager,1401000,"₹8,00,000 - ₹14,00,000 a year","We are looking for a Technical Project Manager who will oversee multiple projects and guide the development teams working on Web apps in PHP, C# .",0,,2002000,800000,Gurgaon, Punjab,0,0,0,0,0,0,0,0,0,0,0,1,0,0,0
254,254,ICS Consultancy Services,8,Salesforce Developer,2502500,"₹10,00,000 - ₹25,00,000 a year",Roles and responsibilities for Job Opening for Salesforce CPQ. : Role : Application Designer Role Description : Assist in defining requirements and designing…,0,,3575000,1430000,Delhi,India,0,0,0,0,1,0,0,0,0,0,0,0,1,0,0
255,255,Anya Consultancy Services,5,Salesforce Developer,1115000,"₹8,00,000 - ₹10,00,000 a year","Experience in Working with WebMethods platforms including developer designer Integration Server, broker Server, UM, Trading Networks, MWS, Active Transfer…",0,,1430000,800000,Bengaluru, Karnataka,0,0,0,0,0,0,0,0,0,0,0,0,0,0,0
257,257,Conga,8,Salesforce Developer,3575000,"₹25,00,000 a year","We want to hire unbelievably bright developers, who are a joy to work with, love to work with others, solve problems, listen well, and lead as appropriate.",0,,3575000,3575000,Pune, Maharashtra,0,0,1,0,0,0,0,0,0,0,0,0,0,0,1
258,258,ANI Calls India Private Limited,8,Salesforce Developer,1644500,"₹9,00,000 - ₹14,00,000 a year",Understands all aspects of Salesforce configuration and technical/functional capabilities. Prepare documentation covering design and code.,0,,2002000,1287000,Bengaluru, Karnataka,0,1,0,0,0,1,1,1,0,0,0,0,0,1,0
259,259,Achyutas Soft Private Limited,8,Salesforce Developer,2159300,"₹10,10,000 - ₹20,10,000 a year",". Good hands-on experience in salesforce coding (triggers, batch apex). Service Cloud – Optional but nice to have. . VF pages and Lightning components.",0,,2874300,1444300,Hyderabad, Telangana,0,0,0,0,0,0,0,0,0,0,0,0,0,0,0
260,260,ANI Calls India Private Limited,8,Salesforce Developer,2002000,"₹12,00,000 - ₹16,00,000 a year","Transform business requirements into technical specifications. Design and develop data using IBM Data Stage to acquire, transform, and publish data sets for a…",0,,2288000,1716000,Noida, Uttar Pradesh,0,0,0,0,1,0,0,0,1,0,0,0,1,0,0
261,261,Razor sharp HR and Consulting Private Limited,5,Salesforce Developer,1438500,"₹7,00,000 - ₹14,00,000 a year",Qualification: BE/B.Tech/MCA/M.Sc/M. Tech from a reputed university. Experience: 2-3 YEARS experience with Java Web Application Development Out of which 1-2…,0,,2002000,875000,Chennai, Tamil Nadu,0,0,0,0,0,0,0,0,0,0,0,1,0,0,0
262,262,ICS Consultancy Services,10,Salesforce Technical Architect,2502500,"₹10,00,000 - ₹25,00,000 a year","Must have Skills : Salesforce CPQ Products Good to Have Skills : Service Cloud, Salesforce, Cloud Service Catalog Job Requirements : 1: Responsibilities a: Need…",0,,3575000,1430000,Delhi,India,0,0,0,0,1,0,0,0,0,0,0,0,1,0,0
263,263,ICS Consultancy Services,10,Salesforce Technical Architect,2502500,"₹10,00,000 - ₹25,00,000 a year","Roles and responsibilities for Immediate openings for Salesforce Technical Architecture. : Role : Application Developer Role Description : Design, build and…",0,,3575000,1430000,Mumbai, Maharashtra,0,0,0,0,0,0,0,0,0,0,0,0,0,0,0
264,264,ICS Consultancy Services,10,Salesforce Technical Architect,2502500,"₹10,00,000 - ₹25,00,000 a year",Roles and responsibilities for Job Opening for Salesforce Einstein Analytics. : Role : Role Description : Must Have Skills : Salesforce Einstein Analytics Good…,0,,3575000,1430000,Delhi,India,0,0,0,0,0,0,0,0,0,0,0,0,0,0,0
265,265,Kaizen SRA Technologies Private Limited,8,Salesforce Developer,1544000,"₹8,00,000 - ₹16,00,000 a year",Please share your resume and details on fitment: ONLY LOCAL CANDIDATES NEED TO APPLY. 4 + years of experience in Salesforce.com platform.,0,,2288000,800000,Bengaluru, Karnataka,0,0,0,0,0,0,0,0,0,0,0,0,0,0,0
266,266,Talent Zone Consultants,8,Salesforce Developer,1501500,"₹9,00,000 - ₹12,00,000 a year","Should work independently on assigned tasks, be responsible for writing the specification on Technical Solution document and help developers in completing the…",0,,1716000,1287000,Remote, Kerala,0,0,0,0,0,0,0,0,0,0,0,0,0,0,0
267,267,ICS Consultancy Services,10,Salesforce Technical Architect,2502500,"₹10,00,000 - ₹25,00,000 a year","Roles and responsibilities for Salesforce Integration Jobs in Mumbai. : Role : Application Developer Role Description : Design, build and configure applications…",0,,3575000,1430000,Mumbai, Maharashtra,0,0,0,0,0,0,1,1,0,0,0,0,0,0,0
268,268,ICS Consultancy Services,10,Salesforce Technical Architect,2502500,"₹10,00,000 - ₹25,00,000 a year","Roles and responsibilities for Job Opening for Dell Boomi. : Role : Application Developer Role Description : Design, build and configure applications to meet…",0,,3575000,1430000,Mumbai, Maharashtra,0,0,0,0,0,0,1,1,0,0,0,0,0,0,0
269,269,Perk Data Systems,5,Salesforce Administrator,587500,"₹3,00,000 - ₹7,00,000 a year","Education: UG - Any Graduate - Any Specialization, Graduation Not Required PG -. Any PG Course - Any Specialization, Post Graduation Not Required.",0,,875000,300000,Bengaluru, Karnataka,0,0,0,0,0,0,0,0,0,0,0,0,0,0,0
270,270,Six Sigma,5,Salesforce Developer,900000,"₹60,000 a month",Job Level Executive - Non-Managerial. Job Description Salesforce Lightning web component Aura. Experience - Minimum No.Of Years 3.0.,1,,900000,900000,Chennai, Tamil Nadu,0,0,0,0,0,0,0,0,0,0,0,0,0,0,0
271,271,DreamWorks Technology & Business Solutions,5,Salesforce Developer,525000,"₹25,000 - ₹50,000 a month","Experience as a full-stack developer or similar role. Experience developing desktop and mobile applications. Knowledge of back-end languages (Java, PHP, Python,…",1,,750000,300000,Kolkata, West Bengal,0,0,0,0,0,0,0,0,0,0,0,0,0,0,0
272,272,EF Information Systems Pvt. Ltd.,2,Salesforce Business Analyst,500000,"₹5,00,000 a year","Must be able to effectively work with other developers, architects, and Product owners. Synopsis: *Are you passionate about improving the quality of software…",0,,500000,500000,Bengaluru, Karnataka,0,0,0,0,0,0,0,0,0,0,0,0,0,0,0
273,273,CyntraLabs,10,Salesforce Technical Architect,1573000,"₹10,00,000 - ₹12,00,000 a year","Experience with Dell Boomi, Integrating with SAP, Salesforce preferred. Should be proficient in Boomi Connector Web service, SFTP, database, http, sfdc etc.",0,,1716000,1430000,Noida, Uttar Pradesh,0,0,0,0,0,0,0,0,0,0,0,0,0,0,0
274,274,Perficient India Private Limited,5,Salesforce Developer,1079500,"₹3,00,000 - ₹13,00,000 a year",Must have experience in resume: Extensive experience developing Lightning Components using both LWC and Aura framework.,0,,1859000,300000,Bengaluru, Karnataka,0,0,0,0,0,0,0,0,0,0,0,0,0,0,0
275,275,Lorem Figulas,2,Salesforce Developer,600000,"₹5,000 a month","As the Salesforce Community Developer, you will be responsible for the technical design, code development, and unit/performance testing of Salesforce Commerce…",1,,60000,60000,Gurgaon, Delhi,0,0,0,0,0,0,0,0,0,0,0,1,0,0,0
276,276,ANI Calls India Private Limited,8,Salesforce Developer,1644500,"₹9,00,000 - ₹14,00,000 a year","8 years + experience with Salesforce. 5 years + experience of working with deployment teams, using Agile development techniques.",0,,2002000,1287000,Noida, Uttar Pradesh,0,0,0,0,0,0,0,0,0,0,0,1,0,0,0
277,277,ANI Calls India Private Limited,8,Salesforce Developer,1787500,"₹9,00,000 - ₹16,00,000 a year","The Salesforce UX/UI Developer role requires 5+ years of relevant Salesforce development & experience with HTML, CSS, JavaScript, and human-centered design.",0,,2288000,1287000,Chennai, Tamil Nadu,0,0,0,0,0,0,0,0,0,0,0,1,0,0,0
278,278,HR Consulting,5,Salesforce Developer,1156689.765,"₹3,14,996 - ₹13,97,471 a year",How to fetch data from 3rd party tool (SharePoint/ salesforce). Looking for Strong AEM developers along with Java who can do the whole development as individual…,0,,1998383.53,314996,Chennai, Tamil Nadu,0,0,0,0,0,0,0,0,0,0,0,1,0,0,0
279,279,ANI Calls India Private Limited,8,Salesforce Developer,1544000,"₹8,00,000 - ₹16,00,000 a year","ECommerce technology: Hybris, WCS, ATG, etc.",0,,2288000,800000,Hyderabad, Telangana,0,0,0,0,0,0,0,0,0,0,0,0,0,0,0
280,280,HR Devi and Associates,8,Salesforce Developer,1644500,"₹11,00,000 - ₹12,00,000 a year","Sfdc Developer( Certification 201, And Platform Developer Is Must). It is India’s (and arguably Asia’s) largest crowdfunding platform for personal and social…",0,,1716000,1573000,Bengaluru, Karnataka,0,0,0,0,0,0,0,0,0,0,0,0,0,0,0
281,281,ANI Calls India Private Limited,8,Salesforce Developer,1787500,"₹9,00,000 - ₹16,00,000 a year","The Salesforce UX/UI Developer role requires 5+ years of relevant Salesforce development & experience with HTML, CSS, JavaScript, and human-centered design.",0,,2288000,1287000,Noida, Uttar Pradesh,0,0,0,0,0,0,0,0,0,0,0,1,0,0,0
282,282,smartData Enterprises (I) Ltd,5,Salesforce Developer,840600,"₹40,000 - ₹70,000 a month","Experience is any CPQ tool or any other salesforce supported tool will be added advantage. Responsible for Configuration, Deployments, Development & Support of…",1,,1201200,480000,Pune, Maharashtra,0,0,0,0,0,0,1,1,0,0,0,1,0,0,0
283,283,Artifex Technologies Pvt Ltd,8,Salesforce Developer,2145000,"₹10,00,000 - ₹20,00,000 a year",Artifex HR is a consulting firm based in Chennai and we are currently hiring candidates for a leading U.S. healthcare company. Salesforce Developer (4-7 years).,0,,2860000,1430000,Chennai, Tamil Nadu,0,0,1,0,0,0,0,0,0,0,0,0,0,0,1
284,284,ICS Consultancy Services,10,Salesforce Technical Architect,2502500,"₹10,00,000 - ₹25,00,000 a year","Must have Skills : Salesforce Technical Architecture Good to Have Skills : Salesforce Lightning, Sales Cloud Job Requirements : Job Requirements:…",0,,3575000,1430000,Hyderabad, Telangana,0,0,0,0,1,0,0,0,0,0,0,0,1,0,0
285,285,Client of Sapwood Ventures,8,Salesforce Developer,2288000,"₹16,00,000 a year","Data weave & Batch Processing. Exceptional handlings -On error. Connectors - DB connector, SFTP, MQ & etc. Excellent Communication & Client Facing Skills.",0,,2288000,2288000,Hyderabad, Telangana,0,0,0,0,0,0,0,0,0,0,0,0,0,0,0
286,286,ANI Calls India Private Limited,8,Salesforce Developer,1644500,"₹9,00,000 - ₹14,00,000 a year","8 years + experience with Salesforce. 5 years + experience of working with deployment teams, using Agile development techniques.",0,,2002000,1287000,Chennai, Tamil Nadu,0,0,0,0,0,0,0,0,0,0,0,1,0,0,0
287,287,ThoughtGreen Technologies Pvt Ltd,5,Salesforce Developer,615000,"₹40,000 - ₹50,000 a month","Min 3 years experience in salesforce development. Demonstrates a strong understanding of current CRM best practices, trends and technical background on…",1,,750000,480000,Hyderabad, Telangana,0,0,0,0,0,0,0,0,0,0,0,1,0,0,0
289,289,ICS Consultancy Services,10,Salesforce Technical Architect,2502500,"₹10,00,000 - ₹25,00,000 a year","Roles and responsibilities for Urgent Requirement Salesforce Technical Architecture. : Role : Application Developer Role Description : Design, build and…",0,,3575000,1430000,Mumbai, Maharashtra,0,0,0,0,1,0,0,0,0,0,0,0,1,0,0
290,290,Serendipity Corporate Services,8,Salesforce Developer,1887600,"₹1,00,000 - ₹1,20,000 a month","6 plus years hand on experience with Salesforce, 3 plus year on salesforce CPQ, At least 2 CPQ new implementation experience.",1,,2059200,1716000,Bengaluru, Karnataka,0,0,0,0,0,0,0,0,0,0,0,0,0,0,0
291,291,MERINO INDUSTRIES LIMITED,5,Salesforce Business Analyst,615000,"₹40,000 - ₹50,000 a month",Liaising with developers and clients – act as a point of communication. PLEASE NOTE THIS ROLE IS CONTRACT TO HIRE - 1 YEAR - MUMBAI LOCATION - BKC*.,1,,750000,480000,Mumbai, Maharashtra,0,0,0,0,0,0,0,0,0,0,0,0,0,0,0
293,293,Shri Krishna Placement,8,Salesforce Developer,1544400,"₹90,000 a month",SALES FORCE DEVELOPER jobs in Vadodara. Job Description : • Strong Salesforce configuration and customization experience with an emphasis on the latest…,1,,1544400,1544400,Ahmedabad, Gujarat,0,0,0,0,0,0,1,1,0,0,0,0,0,0,0
294,294,Quess Corp Limited,7,Salesforce Technical Architect,1322500,"₹5,00,000 - ₹15,00,000 a year","Collaborates with application developers, designers, and architects to ensure a shared understanding of the business model and the detailed function…",0,,2145000,500000,Hyderabad, Telangana,0,1,0,0,0,0,0,0,1,0,0,0,0,1,0
295,295,10xBiz,2,Salesforce Developer,305000,"₹2,50,000 - ₹3,60,000 a year","We are looking for talented Fresher / Entry Level candidates who are interested in starting their career in Zoho, Saleforce and other CRM as a developer and who…",0,,360000,250000,Hyderabad, Telangana,0,0,0,0,0,0,0,0,0,0,0,0,0,0,0
297,297,Corpusvision Technology Pvt Ltd,7,Salesforce Technical Architect,1043500,"₹8,00,000 - ₹9,00,000 a year","The SFDC Technical Architect plays a critical role within Vlocity Services, serving as a strategic. Advisor and Salesforce product and platform expert to the…",0,,1287000,800000,Mumbai, Maharashtra,0,0,0,0,0,0,0,0,0,0,0,0,0,0,0
298,298,ANI Calls India Private Limited,10,Salesforce Technical Architect,2145000,"₹12,00,000 - ₹18,00,000 a year",Data modeling in Einstein Analytics with the Understanding of Salesforce objects and relationships. Custom Report and Dashboard Development using Einstein.,0,,2574000,1716000,Mumbai, Maharashtra,0,0,0,0,0,0,0,0,0,0,0,1,0,0,0
299,299,Opasa Software Services India pvt. Ltd,10,Salesforce Technical Architect,2860000,"₹20,00,000 a year","Should have at least 10+ years of experience,. Salesforce Solution Architect (experience 3+ years); Salesforce Development (experience 4+ years);",0,,2860000,2860000,Bengaluru, Karnataka,0,0,0,0,0,0,0,0,0,0,0,1,0,0,0
300,300,Infotribo Technologies Pvt Ltd,5,Salesforce Developer,1211931.4,"₹6,11,095 - ₹11,60,835 a year","Interact directly with our customers and the Summit Technologies team, including consultants, project managers, business analysts, architects and sales reps to…",0,,1659994.05,763868.75,Bengaluru, Karnataka,0,0,0,0,0,0,0,0,1,0,0,0,0,0,0
301,301,Suvizion Infotech,5,Salesforce Developer,1430000,"₹10,00,000 a year",Min 6+ years' relevant experience implementing and configuring. Experience and knowledge of Lightning Design System / LWC is a must.,0,,1430000,1430000,Bengaluru, Karnataka,0,0,0,0,0,0,1,1,0,0,0,0,0,0,0
303,303,Shan Corporate-Client,10,Salesforce Technical/Proect Manager,3074500,"₹18,00,000 - ₹25,00,000 a year","Salesforce Classic and Lightning with good in Cloud. Prior experience as a project Manager, Lead or Architect. Minimum 12 years of experience.",0,,3575000,2574000,Noida, Uttar Pradesh,0,0,1,1,0,0,0,0,0,0,0,0,0,0,1
304,304,Brighture IT,10,Salesforce Technical Architect,1680000,"₹5,00,000 - ₹20,00,000 a year","Salesforce datatools: 4 years (Preferred). Job Location: Coimbatore,Bangalore Job Id: Tri002. SFDC Architect is responsible for all technical aspects of…",0,,2860000,500000,Bengaluru, Karnataka,0,0,0,0,0,0,0,0,0,0,0,0,0,0,0
305,305,Brighture IT,7,Salesforce Technical Architect,965000,"₹5,00,000 - ₹10,00,000 a year",Technical architect: 2 years (Preferred). Enterprise architect (ecommerce): 8 years (Preferred). Provide Technical leadership to implement eCommerce…,0,,1430000,500000,Bengaluru, Karnataka,0,0,1,0,0,0,0,0,0,0,0,0,0,0,1
306,306,Tekeinstein Software Solution,10,Salesforce Technical Architect,2050311.335,"₹7,96,738 - ₹21,71,119 a year","Excellent opportunity to work with Us. Budget: Best in the industry. Consult with customers on technical and business challenges related to marketing efforts,…",0,,3104700.17,995922.5,Chennai, Tamil Nadu,0,0,0,0,0,0,0,0,1,0,0,0,0,0,0
307,307,ANI Calls India Private Limited,10,Salesforce Technical Architect,1787500,"₹9,00,000 - ₹16,00,000 a year",Cloudcraze Salesforce Commerce Cloud architect who can work on the functional and technical aspect of the solution single-handedly.,0,,2288000,1287000,Mumbai, Maharashtra,0,1,0,0,0,1,0,0,0,0,0,0,0,1,0
308,308,Kcloud Technologies,8,Salesforce Technical/Proect Manager,1716000,"₹10,00,000 - ₹14,00,000 a year","Should be able to understand the technology solution and work with technical architect. Qualification : *B.tech, BCA,MCA,MBA,BBA.",0,,2002000,1430000,Noida, Uttar Pradesh,0,0,0,0,0,0,0,0,0,0,0,0,0,0,0
309,309,ANI Calls India Private Limited,10,Salesforce Technical Architect,1644500,"₹9,00,000 - ₹14,00,000 a year",Understands all aspects of Salesforce configuration and technical/functional capabilities. Prepare documentation covering design and code.,0,,2002000,1287000,Mumbai, Maharashtra,0,1,0,0,0,1,1,1,0,0,0,0,0,1,0
310,310,Techstar Software Development India Pvt. Ltd.,10,Salesforce Technical Architect,1743680.645,"₹5,47,045 - ₹19,60,528 a year",Strong understanding of the vLocity components that have been built on top of salesforce. Having good exp in salesforce (SFDC) CRM with end to end…,0,,2803555.04,683806.25,Hyderabad, Telangana,0,0,0,0,0,0,0,0,0,0,0,0,0,0,0
311,311,ANI Calls India Private Limited,7,Salesforce Technical Architect,1401000,"₹8,00,000 - ₹14,00,000 a year",Architect Level needed with More than 3-4 years of SF Lightning Experience. Salesforce experience with SF Lightning version. Java-based REST API development.,0,,2002000,800000,Hyderabad, Telangana,0,0,0,0,0,0,0,0,0,0,0,1,0,0,0
312,312,Conga,8,Salesforce Developer,3575000,"₹25,00,000 a year","Take ownership of, architect, build and scale business critical services. We are looking for a talented Staff Software Engineer to help us advance the suite of…",0,,3575000,3575000,Pune, Maharashtra,0,0,0,0,0,0,0,0,1,0,0,0,0,0,0
313,313,ICS Consultancy Services,10,Salesforce Technical Architect,2502500,"₹10,00,000 - ₹25,00,000 a year","Must Have Skill: Salesforce Technical Architect Good to Have Skills: salesforce, service cloud, sales cloud Job Requirements: 1 Responsibilities a: Experience…",0,,3575000,1430000,Delhi,India,0,0,0,0,1,0,0,0,0,0,0,0,1,0,0
314,314,ANI Calls India Private Limited,10,Salesforce Technical Architect,1787500,"₹9,00,000 - ₹16,00,000 a year",Cloudcraze Salesforce Commerce Cloud architect who can work on the functional and technical aspect of the solution single-handedly.,0,,2288000,1287000,Chennai, Tamil Nadu,0,1,0,0,0,1,0,0,0,0,0,0,0,1,0
315,315,Apisero,10,Salesforce Technical Architect,2031729.14,"₹7,44,067 - ₹21,91,171 a year",The Apiseroian would be actively involved in field activities with clients by shadowing seasoned architects and practicing enablement gained from training.,0,,3133374.53,930083.75,Bengaluru, Karnataka,0,0,0,0,0,0,0,0,0,0,0,0,0,0,0
316,316,C P Careers Private Limited,10,Salesforce Technical Architect,3753750,"₹22,50,000 - ₹30,00,000 a year",Q3. Mention the projects as an architect. *. Joining time / Notice Period: 60 Days and less. Required - Minimum 13+ years experience in Software Development.,0,,4290000,3217500,Chennai, Tamil Nadu,0,0,0,0,0,0,0,0,0,0,0,1,0,0,0
317,317,ANI Calls India Private Limited,8,Salesforce Technical/Proect Manager,1401000,"₹8,00,000 - ₹14,00,000 a year","Knowledge of EA principles and methodologies. Experience with Servers, Infrastructure, Platform Sizing, Infrastructure Cost Reduction.",0,,2002000,800000,Mumbai, Maharashtra,0,0,0,0,0,0,0,0,0,0,0,0,0,0,0
318,318,CloudVandana Solutions,5,Salesforce Developer,750600,"₹25,000 - ₹70,000 a month",Senior Salesforce Developer* will work with business and technology partners to maintain and enhance the Customer Relationship Management system (Salesforce.com…,1,,1201200,300000,Gurgaon, Delhi,0,0,0,0,0,0,0,0,1,0,0,0,0,0,0
319,319,ANI Calls India Private Limited,10,Salesforce Technical Architect,1787500,"₹9,00,000 - ₹16,00,000 a year",Cloudcraze Salesforce Commerce Cloud architect who can work on the functional and technical aspect of the solution single-handedly.,0,,2288000,1287000,Hyderabad, Telangana,0,1,0,0,0,1,0,0,0,0,0,0,0,1,0
320,320,ICS Consultancy Services,10,Salesforce Technical Architect,2502500,"₹10,00,000 - ₹25,00,000 a year","Must Have Skill: Salesforce Technical Architect Good to Have Skills: salesforce, service cloud, sales cloud Job Requirements: 1 Responsibilities a: Experience…",0,,3575000,1430000,Delhi,India,0,0,0,0,1,0,0,0,0,0,0,0,1,0,0
321,321,Skilled HIRE,5,Salesforce Developer,1081000,"₹7,00,000 - ₹9,00,000 a year",Senior Software Developer* is responsible for developing workflows and automation solutions using Business Process Management (BPM) and other software…,0,,1287000,875000,Hyderabad, Telangana,0,0,0,0,0,0,0,0,1,0,0,0,0,0,0
322,322,ANI Calls India Private Limited,10,Salesforce Technical Architect,1787500,"₹9,00,000 - ₹16,00,000 a year",Cloudcraze Salesforce Commerce Cloud architect who can work on the functional and technical aspect of the solution single-handedly.,0,,2288000,1287000,Noida, Uttar Pradesh,0,1,0,0,0,1,0,0,0,0,0,0,0,1,0
323,323,ANI Calls India Private Limited,7,Salesforce Technical Architect,1401000,"₹8,00,000 - ₹14,00,000 a year","Knowledge of EA principles and methodologies. Experience with Servers, Infrastructure, Platform Sizing, Infrastructure Cost Reduction.",0,,2002000,800000,Bengaluru, Karnataka,0,0,0,0,0,0,0,0,0,0,0,0,0,0,0
324,324,ICS Consultancy Services,10,Salesforce Technical/Proect Manager,2502500,"₹10,00,000 - ₹25,00,000 a year","Roles and responsibilities for Service Cloud Openings in Bengaluru. : Role : Application Developer Role Description : Design, build and configure applications…",0,,3575000,1430000,Delhi,India,0,0,0,0,0,0,1,1,0,0,0,0,0,0,0
325,325,ANI Calls India Private Limited,7,Salesforce Technical Architect,1401000,"₹8,00,000 - ₹14,00,000 a year","Knowledge of EA principles and methodologies. Experience with Servers, Infrastructure, Platform Sizing, Infrastructure Cost Reduction.",0,,2002000,800000,Noida, Uttar Pradesh,0,0,0,0,0,0,0,0,0,0,0,0,0,0,0
326,326,C P Careers Private Limited,10,Salesforce Technical/Proect Manager,2431000,"₹12,00,000 - ₹22,00,000 a year",Minimum 5 years of Consulting experience background is mandatory. Minimum 10 - 15 years total experience. The role of Development Manager (DM) is a dynamic and…,0,,3146000,1716000,Chennai, Tamil Nadu,0,0,0,0,0,0,0,0,0,0,0,1,0,0,0
327,327,Tekeinstein Software Solution,5,Salesforce Developer,1311889.77,"₹4,74,521 - ₹15,02,978 a year","Experience working with the business partners in understanding what is the best approach for marketing automation, how to architect the data automation's and…",0,,2149258.54,474521,Chennai, Tamil Nadu,0,0,0,0,0,0,0,0,1,0,0,0,0,0,0
328,328,Search advisers Services (GUJ) Private Limited,8,Salesforce Developer,2288000,"₹10,00,000 - ₹22,00,000 a year",Work with architects and other developers to translate business requirements into solution designs. Collaborate with architects to ensure technical solution…,0,,3146000,1430000,Bengaluru, Karnataka,0,0,0,0,1,0,0,0,1,0,0,0,1,0,0
329,329,HR Devi and Associates,10,Salesforce Technical/Proect Manager,3718000,"₹12,00,000 - ₹40,00,000 a year","And ability to architect the value proposal. MBA, Relevant accreditation for Utilities industry. Would be advantageous, not mandatory:",0,,5720000,1716000,Bengaluru, Karnataka,0,0,0,0,0,0,0,0,0,0,0,0,0,0,0
330,330,Vibrantzz Management Services,8,Salesforce Developer,1787500,"₹10,00,000 - ₹15,00,000 a year",Mulesoft Developer required for International IT Company. Candidate with Graduate from IT Background can apply for this job. Should have Mule ESB experience.,0,,2145000,1430000,Bengaluru, Karnataka,0,0,0,0,0,0,0,0,0,0,0,0,0,0,0
331,331,Saffron Consultancy Services,10,Salesforce Technical Architect,1716000,"₹9,00,000 - ₹15,00,000 a year","Our Current Stack is a Combination of Sql/.net/salesforce But We're Thinking of Switching to Open Source. Since 2000, We have Channeled Over Rs250cr to 200+…",0,,2145000,1287000,Bengaluru, Karnataka,0,0,0,0,0,0,0,0,0,0,0,0,0,0,0
332,332,Fortune HR Solutions,8,Salesforce Administrator,1322500,"₹5,00,000 - ₹15,00,000 a year","You will work with all stakeholders, users, functional analysts, solution architects. Warm Greetings from Fortune HR Solutions.",0,,2145000,500000,Bengaluru, Karnataka,0,1,0,0,0,1,0,0,0,0,0,0,0,1,0
333,333,Mirum Digital Pvt. Ltd.,5,Salesforce Business Analyst,875000,"?7,00,000 a year",Person will be responsible for documenting client requirements and also creating a business blueprint document which will be shared with client and project…,0,,875000,875000,Mumbai, Maharashtra,0,0,0,0,1,0,0,0,1,0,0,0,1,0,0
335,335,Spadeworx software Services,8,Salesforce Administrator,1147200,"?50,000 - ?90,000 a month","Basic knowledge of salesforce development (Apex, Triggers, Lightning) is a must. As a Salesforce Admin, you will be part of a team responsible for supporting…",1,,1544400,750000,Pune, Maharashtra,0,0,0,0,0,0,0,0,0,0,0,1,0,0,0
336,336,ANI Calls India Private Limited,8,Salesforce Business Analyst,2288000,"?12,00,000 - ?20,00,000 a year","8+ years of combined IT experience with increasing levels of responsibility. 4+ years of architecture experience across various Salesforce clouds (Sales,…",0,,2860000,1716000,Mumbai, Maharashtra,0,0,0,0,0,0,0,0,0,0,0,0,0,0,0
337,337,Infotribo Technologies Pvt Ltd,5,Salesforce Developer,1211931.4,"?6,11,095 - ?11,60,835 a year","Know how to quantify and visualize business data. Interact directly with our customers and the Summit Technologies team, including consultants, project managers…",0,,1659994.05,763868.75,Bengaluru, Karnataka,0,0,0,0,0,0,0,0,1,0,0,0,0,0,0
338,338,Preludesys,8,Salesforce Business Analyst,1581500,"?7,00,000 - ?16,00,000 a year","Implementing Dashboards and descriptive development as per business requirements. Experience in SFDC ,Customizations and Development. Salary: 7 to 16 LPA.",0,,2288000,875000,Delhi,India,0,0,0,0,1,0,0,0,1,0,0,1,1,0,0
339,339,Syncrasy Technologies Pvt. Ltd.,5,Salesforce Developer,1147200,"?50,000 - ?90,000 a month",Perform deployments requested by the salesforce engineering and business analyst team. The Developer will develop customized solutions within the Salesforce…,1,,1544400,750000,Noida, Uttar Pradesh,0,0,0,0,0,0,0,0,1,0,0,0,0,0,0
340,340,Maxify Digital,5,Salesforce Developer,1079500,"?3,00,000 - ?13,00,000 a year","Work closely with customers, business analysts, user interaction designers, and other software engineers to develop new solutions and improve existing ones.",0,,1859000,300000,Noida, Uttar Pradesh,0,0,0,0,0,0,0,0,1,0,0,0,0,0,0
341,341,EF Information Systems Pvt. Ltd.,2,Salesforce Business Analyst,500000,"?5,00,000 a year",Do you like solving complex business problems? Transforming business rules into acceptance test specifications. Researching issues in software through testing.,0,,500000,500000,Bengaluru, Karnataka,0,0,0,0,0,0,0,0,1,0,0,0,0,0,0
342,342,UB Technology Innovations,8,Salesforce Business Analyst,1322500,"?5,00,000 - ?15,00,000 a year","Configure the Client Environment for Lightning DX (install VS code , spin scratch orgs , configure command line ). Convert VF pages into LTNG starting with TIP.",0,,2145000,500000,Chennai, Tamil Nadu,0,0,0,0,0,0,1,1,0,0,0,0,0,0,0
344,344,ANI Calls India Private Limited,10,Salesforce Technical Architect,2288000,"?12,00,000 - ?20,00,000 a year","Experience with Salesforce.com's Sales Cloud and CRM/Sales business processes. Serve as a Lead Developer (hands-on) in system design, development, documentation…",0,,2860000,1716000,Bengaluru, Karnataka,0,0,1,0,0,0,0,0,1,0,0,1,0,0,1
345,345,Opasa Software Services India pvt. Ltd,10,Salesforce Technical Architect,2860000,"?20,00,000 a year","Collaborating with project teams consisting of Scrum Masters, business analysts, developers and testers to ensure that specified solutions are understood and to…",0,,2860000,2860000,Bengaluru, Karnataka,0,0,0,0,0,0,0,0,1,0,0,0,0,0,0
346,346,Upgrade HR Consulting,5,Salesforce Business Analyst,1258000,"?8,00,000 - ?12,00,000 a year",One of our esteemed clients is looking out for Business Analysts who have strong experience into Salesforce/SFDC. This is a global customer facing role.,0,,1716000,800000,Bengaluru, Karnataka,0,0,0,0,0,0,0,0,1,0,0,0,0,0,0
348,348,Kaizen SRA Technologies Private Limited,8,Salesforce Developer,1544000,"?8,00,000 - ?16,00,000 a year",Please share your resume and details on fitment: ONLY LOCAL CANDIDATES NEED TO APPLY. 4 + years of experience in Salesforce.com platform.,0,,2288000,800000,Bengaluru, Karnataka,0,0,0,0,0,0,0,0,0,0,0,0,0,0,0
349,349,ICS Consultancy Services,10,Salesforce Technical Architect,2502500,"?10,00,000 - ?25,00,000 a year",": Role : Application Developer Role Description : Design, build and configure applications to meet business process and application requirements.",0,,3575000,1430000,Pune, Maharashtra,0,0,0,0,1,0,1,1,1,0,0,0,1,0,0
350,350,ICS Consultancy Services,8,Salesforce Administrator,2502500,"?10,00,000 - ?25,00,000 a year",": Role : Application Developer Role Description : Design, build and configure applications to meet business process and application requirements.",0,,3575000,1430000,Chennai, Tamil Nadu,0,0,0,0,1,0,1,1,1,0,0,0,1,0,0
351,351,Angel & Genie,5,Salesforce Developer,1430000,"?10,00,000 a year",Functional user stories/business requirements. O 3 plus salesforce certifications including Administrator and Platform developer.,0,,1430000,1430000,Bengaluru, Karnataka,0,1,0,0,1,1,0,0,1,0,0,0,1,1,0
352,352,"Applicantz, Inc,",8,Salesforce Business Analyst,3003000,"?12,00,000 - ?30,00,000 a year",Experience with performance tuning of Callidus Cloud for business needs. Interpret and translate business needs to technical requirements and accurate estimates…,0,,4290000,1716000,Bengaluru, Karnataka,0,0,0,0,1,0,0,0,1,0,0,0,1,0,0
353,353,Quinnox,8,Salesforce Developer,3432000,"?2,00,000 a month","Work closely with business and IT leaders to provide technical solutions (including “out of box"" solutions) to complex business needs.",1,,3432000,3432000,Bengaluru, Bengaluru,0,0,1,0,0,0,0,0,1,0,0,0,0,0,1
355,355,Fortune HR Solutions,8,Salesforce Administrator,1322500,"?5,00,000 - ?15,00,000 a year",Collaborate with SAP functional analysts and Operations business analysts to provide thought leadership in designing and developing innovative solutions.,0,,2145000,500000,Bengaluru, Karnataka,0,1,1,0,0,1,0,0,1,0,0,0,0,1,1
